time,latitude,longitude,depth,mag,magType,nst,gap,dmin,rms,net,id,updated,place,type,horizontalError,depthError,magError,magNst,status,locationSource,magSource
2021-08-12T21:13:54.611Z,1.2821,128.1885,96.3,5.1,mb,,36,5.821,0.7,us,us6000f8xz,2021-08-28T03:34:15.040Z,"53 km SSE of Tobelo, Indonesia",earthquake,8.8,6.7,0.064,80,reviewed,us,us
2021-08-02T15:04:24.709Z,1.841,127.3842,122.48,5.1,mww,,58,1.062,0.93,us,us6000f1hr,2021-08-10T19:15:07.040Z,"70 km W of Tobelo, Indonesia",earthquake,6.5,2.4,0.098,10,reviewed,us,us
2021-07-21T02:18:07.106Z,1.7086,127.404,117.69,4.6,mb,,79,0.931,0.61,us,us6000ezhk,2021-07-30T03:29:50.040Z,"67 km W of Tobelo, Indonesia",earthquake,10.7,8.5,0.141,15,reviewed,us,us
2021-07-16T02:39:53.584Z,1.8211,127.5102,121.09,4.1,mb,,134,1.052,0.68,us,us6000exzb,2021-07-22T22:38:44.040Z,"56 km W of Tobelo, Indonesia",earthquake,11.5,9.1,0.165,12,reviewed,us,us
2021-07-13T09:02:51.167Z,1.5938,128.1682,115.95,4.2,mb,,112,1.144,0.63,us,us7000emkq,2021-08-12T06:14:27.040Z,"23 km SE of Tobelo, Indonesia",earthquake,10.1,6.4,0.152,13,reviewed,us,us
2021-07-06T21:35:00.908Z,1.9838,127.6452,10,4.5,mb,,100,1.235,0.67,us,us7000ej7r,2021-07-14T22:56:10.040Z,"49 km NW of Tobelo, Indonesia",earthquake,6.6,1.9,0.095,32,reviewed,us,us
2021-07-02T13:43:14.085Z,1.8173,127.4782,118.63,4.3,mb,,142,1.044,0.34,us,us7000ejcl,2021-07-29T23:47:28.040Z,"59 km W of Tobelo, Indonesia",earthquake,9.3,7.1,0.161,11,reviewed,us,us
2021-06-27T22:51:22.878Z,1.6049,128.3378,76.06,4.6,mb,,82,1.275,0.4,us,us7000ei6n,2021-07-28T03:11:40.040Z,"39 km ESE of Tobelo, Indonesia",earthquake,7.3,8,0.181,9,reviewed,us,us
2021-05-17T22:45:31.613Z,1.9763,127.9031,233.2,4.2,mb,,116,1.311,0.84,us,us7000e52u,2021-07-24T21:07:44.040Z,"29 km NNW of Tobelo, Indonesia",earthquake,8.3,6.5,0.087,37,reviewed,us,us
2021-05-17T19:56:08.854Z,1.4932,128.2705,88.74,4.1,mb,,161,1.153,0.61,us,us7000e52r,2021-07-24T21:07:43.040Z,"Halmahera, Indonesia",earthquake,7.8,8.4,0.214,6,reviewed,us,us
2021-04-20T18:16:46.215Z,1.6814,127.3458,132.52,4.4,mb,,95,4.667,0.95,us,us6000e517,2021-07-03T16:49:48.040Z,"74 km W of Tobelo, Indonesia",earthquake,7.2,6.9,0.087,42,reviewed,us,us
2021-04-18T19:04:37.335Z,1.8112,127.4752,142.63,4.5,mb,,117,1.038,0.56,us,us6000e2pm,2021-07-03T16:48:15.040Z,"60 km W of Tobelo, Indonesia",earthquake,8.6,7.5,0.131,17,reviewed,us,us
2021-02-21T21:41:35.895Z,1.498,127.4726,123.8,4.2,mb,,131,0.729,0.92,us,us7000ddn6,2021-05-04T14:16:00.040Z,"64 km WSW of Tobelo, Indonesia",earthquake,8.8,4.3,0.141,14,reviewed,us,us
2021-02-07T09:01:03.680Z,1.5943,127.4115,111.61,4.3,mb,,118,0.818,1,us,us6000dh21,2021-04-22T21:51:01.040Z,"68 km WSW of Tobelo, Indonesia",earthquake,5.9,8.9,0.177,9,reviewed,us,us
2021-01-13T17:33:05.763Z,1.5831,128.2005,22.84,5.1,mww,,54,1.159,1.08,us,us6000d82a,2021-03-20T21:25:19.040Z,"26 km SE of Tobelo, Indonesia",earthquake,6.4,4,0.093,11,reviewed,us,us
2020-12-05T00:42:05.676Z,1.6433,127.5033,115.86,4.2,mb,,107,0.876,0.34,us,us7000cpha,2021-02-12T22:40:47.040Z,"57 km W of Tobelo, Indonesia",earthquake,15.7,7.3,0.146,13,reviewed,us,us
2020-11-25T15:20:34.174Z,1.897,127.4291,108.92,5,mww,,35,1.119,1,us,us6000cshx,2021-02-06T18:28:09.040Z,"67 km WNW of Tobelo, Indonesia",earthquake,6.3,4.5,0.078,16,reviewed,us,us
2020-10-20T03:12:49.800Z,1.7051,127.3739,115.12,4.5,mb,,77,0.927,0.85,us,us6000c9ti,2020-12-29T23:07:54.040Z,"70 km W of Tobelo, Indonesia",earthquake,7.6,4.9,0.119,21,reviewed,us,us
2020-08-08T09:59:24.442Z,1.3023,128.0489,126.81,4.6,mb,,101,0.861,0.73,us,us6000bb23,2020-10-21T22:03:58.040Z,"47 km S of Tobelo, Indonesia",earthquake,9.4,6.2,0.078,49,reviewed,us,us
2020-08-01T15:01:33.024Z,1.7982,127.4289,100.75,4.4,mb,,105,1.021,1.01,us,us6000b804,2020-10-10T17:11:08.040Z,"65 km W of Tobelo, Indonesia",earthquake,10.4,8,0.098,30,reviewed,us,us
2020-07-17T09:57:40.072Z,1.8503,128.2451,98.15,4.5,mb,,98,1.385,0.57,us,us7000aq8h,2020-09-26T16:58:34.040Z,"29 km ENE of Tobelo, Indonesia",earthquake,8,7.8,0.094,33,reviewed,us,us
2020-07-15T01:56:31.700Z,1.426,128.2625,83.68,4.4,mb,,95,1.106,0.74,us,us7000at6l,2020-09-26T16:58:45.040Z,"43 km SE of Tobelo, Indonesia",earthquake,8.8,10.3,0.134,16,reviewed,us,us
2020-06-15T04:15:43.652Z,1.3092,128.068,116.22,5.2,mww,,32,0.881,0.78,us,us6000ac0i,2020-08-22T19:14:53.040Z,"46 km S of Tobelo, Indonesia",earthquake,6.7,3.9,0.065,23,reviewed,us,us
2020-06-08T08:47:11.524Z,1.7101,127.4694,133.35,4.4,mb,,47,5.434,0.86,us,us6000aawf,2020-08-18T17:59:05.040Z,"60 km W of Tobelo, Indonesia",earthquake,9.4,5.5,0.093,33,reviewed,us,us
2020-05-13T16:45:13.658Z,2.0243,127.6676,195.14,3.9,mb,,151,1.28,0.77,us,us70009llf,2020-08-02T00:32:21.040Z,"50 km NW of Tobelo, Indonesia",earthquake,4.8,8.7,0.133,15,reviewed,us,us
2020-05-10T00:57:26.852Z,1.8087,127.4596,136.84,4.6,mb,,42,1.034,0.57,us,us70009dk2,2020-07-29T22:14:26.040Z,"61 km W of Tobelo, Indonesia",earthquake,6.5,4.3,0.079,47,reviewed,us,us
2020-05-06T19:30:11.107Z,1.7971,127.3745,101.73,4.7,mb,,54,1.018,1.16,us,us70009bal,2020-07-29T22:14:11.040Z,"71 km W of Tobelo, Indonesia",earthquake,8.1,5.6,0.065,71,reviewed,us,us
2020-04-20T06:49:38.257Z,1.5687,127.4498,120.1,4.4,mb,,104,0.795,0.53,us,us700090ai,2020-07-09T14:31:34.040Z,"64 km WSW of Tobelo, Indonesia",earthquake,9.5,6.8,0.103,27,reviewed,us,us
2020-04-08T11:50:08.325Z,1.5948,127.5121,127.07,4.3,mb,,122,0.83,0.54,us,us70008wvh,2020-06-30T14:03:11.040Z,"57 km WSW of Tobelo, Indonesia",earthquake,4,7.6,0.109,24,reviewed,us,us
2020-03-04T18:42:04.321Z,1.7883,127.4975,139.09,4.1,mb,,91,1.018,0.49,us,us60008cka,2020-05-23T22:03:12.040Z,"57 km W of Tobelo, Indonesia",earthquake,10.7,9.2,0.14,14,reviewed,us,us
2020-03-04T09:29:50.100Z,1.7454,127.7198,206.66,4.2,mb,,74,1.029,0.45,us,us60008cjr,2020-05-23T22:03:16.040Z,"32 km W of Tobelo, Indonesia",earthquake,10,9,0.112,22,reviewed,us,us
2020-02-18T06:22:05.833Z,2.0804,127.9601,47.95,4.9,mb,,103,1.428,1.14,us,us70007s8k,2020-05-02T22:10:16.040Z,"39 km N of Tobelo, Indonesia",earthquake,6.4,7,0.069,65,reviewed,us,us
2020-02-06T16:32:51.992Z,1.4169,128.1731,25.09,4.5,mb,,94,1.029,0.79,us,us70007k13,2020-04-25T22:18:13.040Z,"38 km SSE of Tobelo, Indonesia",earthquake,6.5,5.9,0.108,28,reviewed,us,us
2020-01-13T05:39:19.617Z,1.989,128.2703,126.08,4.2,mb,,119,1.509,0.62,us,us60007eut,2020-04-02T21:27:37.040Z,"40 km NE of Tobelo, Indonesia",earthquake,12.2,9.4,0.115,21,reviewed,us,us
2020-01-06T03:35:46.867Z,2.1986,128.0661,34.44,4.3,mb,,106,1.58,0.63,us,us60007bgc,2020-03-21T17:13:27.040Z,"52 km N of Tobelo, Indonesia",earthquake,7.9,3.3,0.154,12,reviewed,us,us
2019-11-21T11:52:31.228Z,1.7272,127.515,130.08,4.6,mb,,79,0.96,1.18,us,us70006ayh,2020-02-14T22:02:09.040Z,"55 km W of Tobelo, Indonesia",earthquake,8.9,6.5,0.089,38,reviewed,us,us
2019-11-14T16:32:37.834Z,2.1824,127.6308,35,4.9,mb,,98,1.425,0.69,us,us70006b6f,2020-02-07T20:20:56.040Z,"65 km NW of Tobelo, Indonesia",earthquake,6.6,2,0.197,11,reviewed,us,us
2019-11-02T23:23:22.547Z,1.8039,128.1832,99.51,4.1,mb,,158,1.31,0.44,us,us600069c0,2020-01-18T20:00:45.040Z,"21 km ENE of Tobelo, Indonesia",earthquake,10.2,5.9,0.234,5,reviewed,us,us
2019-10-30T18:36:32.045Z,1.8189,127.4844,125.73,4.2,mb,,176,1.046,0.43,us,us600068pw,2020-01-18T20:00:40.040Z,"59 km W of Tobelo, Indonesia",earthquake,11.9,6.9,0.141,14,reviewed,us,us
2019-09-28T00:14:47.901Z,2.0156,128.2998,135.3,4.2,mb,,131,1.548,0.54,us,us70005s2z,2019-12-20T19:04:29.040Z,"45 km NE of Tobelo, Indonesia",earthquake,13.5,8.6,0.128,17,reviewed,us,us
2019-09-12T22:16:49.023Z,1.6945,127.4054,131.39,4.3,mb,,102,0.917,0.79,us,us60005lbx,2019-12-05T18:30:50.040Z,"Halmahera, Indonesia",earthquake,9.9,9,0.147,13,reviewed,us,us
2019-09-12T15:28:45.182Z,1.911,128.2406,123.17,4.6,mb,,63,1.429,0.76,us,us70005fdy,2019-12-05T18:31:01.040Z,"32 km NE of Tobelo, Indonesia",earthquake,7.9,1.3,0.067,77,reviewed,us,us
2019-08-14T22:43:05.367Z,1.9878,128.2309,117.3,4.6,mb,,76,1.485,0.76,us,us6000557x,2019-11-02T15:26:06.040Z,"37 km NE of Tobelo, Indonesia",earthquake,8.6,6.8,0.088,38,reviewed,us,us
2019-08-13T08:47:13.370Z,1.3519,128.231,87.48,4.3,mb,,105,1.038,0.96,us,us600057ik,2019-11-02T15:26:19.040Z,"48 km SSE of Tobelo, Indonesia",earthquake,10.6,9.1,0.111,23,reviewed,us,us
2019-08-05T03:53:44.796Z,1.8203,127.4622,116.52,4.7,mb,,146,1.045,0.75,us,us600050q4,2019-10-19T21:42:11.040Z,"61 km W of Tobelo, Indonesia",earthquake,10.5,3.7,0.092,37,reviewed,us,us
2019-07-01T16:44:52.892Z,1.7992,127.3889,122.48,4.4,mb,,130,1.02,0.73,us,us70004hw8,2019-09-14T16:08:38.040Z,"69 km W of Tobelo, Indonesia",earthquake,12.1,8.2,0.11,24,reviewed,us,us
2019-06-28T00:28:45.729Z,1.8092,127.3981,106.53,4.5,mb,,111,1.03,0.63,us,us700046cw,2019-09-14T16:08:15.040Z,"68 km W of Tobelo, Indonesia",earthquake,10,7.7,0.103,28,reviewed,us,us
2019-06-14T22:49:08.164Z,1.7857,127.4624,124.26,4,mb,,258,1.011,0.41,us,us600043s0,2019-09-06T14:25:24.040Z,"61 km W of Tobelo, Indonesia",earthquake,13,12.8,0.196,7,reviewed,us,us
2019-06-04T10:25:06.020Z,1.9218,128.087,136.36,4.3,mb,,107,1.35,0.48,us,us70003yi4,2019-08-27T17:47:28.040Z,"23 km NNE of Tobelo, Indonesia",earthquake,11.3,8.7,0.147,13,reviewed,us,us
2019-05-05T23:14:37.241Z,1.7443,127.5165,114.51,4.2,mb,,192,0.977,0.23,us,us70003l1y,2019-07-25T18:54:23.040Z,"54 km W of Tobelo, Indonesia",earthquake,12.3,7.6,0.153,12,reviewed,us,us
2019-04-20T21:40:57.102Z,1.3737,128.2669,79.45,4.3,mb,,110,1.08,0.77,us,us700039rs,2019-06-26T20:55:02.040Z,"48 km SE of Tobelo, Indonesia",earthquake,8.4,8.7,0.109,24,reviewed,us,us
2019-04-08T16:23:31.422Z,2.1018,127.93,53.49,4.4,mb,,112,1.436,0.98,us,us7000378x,2019-06-18T15:50:54.040Z,"42 km NNW of Tobelo, Indonesia",earthquake,10.3,5.6,0.112,23,reviewed,us,us
2019-04-07T22:00:52.296Z,1.8816,128.1989,140,4.3,mb,,139,1.381,0.65,us,us700036fi,2019-06-18T15:50:48.040Z,"27 km NE of Tobelo, Indonesia",earthquake,9.8,10.1,0.142,14,reviewed,us,us
2019-04-06T01:34:19.560Z,1.54,127.3827,154.02,4.2,mb,,122,0.763,0.48,us,us7000353h,2019-06-18T15:50:30.040Z,"72 km WSW of Tobelo, Indonesia",earthquake,14.5,8.3,0.186,8,reviewed,us,us
2019-04-02T12:28:32.094Z,1.7621,127.3664,117.51,4.9,mb,,68,0.983,0.94,us,us2000k94e,2019-06-18T15:50:04.040Z,"71 km W of Tobelo, Indonesia",earthquake,7.9,4.8,0.061,83,reviewed,us,us
2019-03-27T21:42:03.000Z,1.772,127.508,131,4.3,mb,,167,1.003,0.9,us,us2000ka5j,2019-06-08T20:51:35.040Z,"56 km W of Tobelo, Indonesia",earthquake,12.2,6.8,0.142,14,reviewed,us,us
2019-03-12T05:35:31.991Z,1.4157,128.1888,10,4.2,mb,,114,1.041,0.26,us,us1000jjsm,2019-06-01T21:24:25.040Z,"39 km SSE of Tobelo, Indonesia",earthquake,9.7,1.9,0.175,9,reviewed,us,us
2019-02-24T01:46:48.880Z,1.6692,127.5182,117.15,4.6,mb,,100,0.904,0.58,us,us2000jm9d,2019-05-11T17:40:48.040Z,"55 km W of Tobelo, Indonesia",earthquake,8.6,7.4,0.136,19,reviewed,us,us
2019-02-13T18:30:05.960Z,1.472,128.2316,81.41,4.1,mb,,93,1.109,0.66,us,us2000jnla,2019-05-01T22:01:08.040Z,"37 km SE of Tobelo, Indonesia",earthquake,9.1,9.3,0.166,10,reviewed,us,us
2019-02-11T17:44:59.680Z,1.8745,128.3125,35,4.3,mb,,179,1.447,0.57,us,us2000jnj1,2019-04-25T15:32:08.040Z,"37 km ENE of Tobelo, Indonesia",earthquake,11.7,2,0.125,18,reviewed,us,us
2019-01-21T13:40:59.810Z,2.1702,128.0697,252.58,4,mb,,137,1.556,0.7,us,us2000jdml,2019-04-05T21:41:05.040Z,"49 km N of Tobelo, Indonesia",earthquake,17.7,10.3,0.143,13,reviewed,us,us
2018-11-24T09:41:54.140Z,1.8486,127.6597,169.17,4.2,mb,,143,1.109,0.41,us,us1000hxy8,2019-02-02T20:02:32.040Z,"41 km WNW of Tobelo, Indonesia",earthquake,12.3,6.2,0.128,17,reviewed,us,us
2018-09-19T19:53:56.930Z,1.6914,127.3597,125.04,4.6,mb,,67,0.913,0.69,us,us2000hha4,2018-11-27T15:51:59.040Z,"72 km W of Tobelo, Indonesia",earthquake,9.2,1.9,0.073,56,reviewed,us,us
2018-09-07T04:52:01.170Z,2.153,127.9536,39.14,4.3,mb,,116,1.492,0.67,us,us2000hgmb,2018-11-14T17:40:17.040Z,"47 km N of Tobelo, Indonesia",earthquake,9.4,6.1,0.161,11,reviewed,us,us
2018-08-31T18:29:04.600Z,1.918,127.5438,120.26,4.4,mb,,78,1.152,0.64,us,us2000h65r,2018-11-07T18:37:07.040Z,"55 km WNW of Tobelo, Indonesia",earthquake,8.7,5,0.084,41,reviewed,us,us
2018-08-14T06:43:33.460Z,1.841,127.7336,91.63,4.1,mb,,171,1.123,0.71,us,us1000gbkd,2018-10-27T16:22:05.040Z,"33 km WNW of Tobelo, Indonesia",earthquake,12.8,10.8,0.233,6,reviewed,us,us
2018-07-06T23:22:28.610Z,1.7311,127.6855,90.75,4,mb,,172,1.004,0.34,us,us2000g2zn,2018-09-27T14:03:47.040Z,"36 km W of Tobelo, Indonesia",earthquake,15.9,12.2,0.183,8,reviewed,us,us
2018-07-04T02:53:56.830Z,1.6232,127.4013,115.92,4.2,mb,,132,0.846,1.09,us,us2000g1cz,2018-09-27T14:03:46.040Z,"68 km W of Tobelo, Indonesia",earthquake,11.4,7.7,0.132,16,reviewed,us,us
2018-05-25T19:33:36.570Z,1.7115,127.5585,125.7,4.2,mb,,150,0.952,0.96,us,us1000eek7,2018-08-21T21:23:55.040Z,"50 km W of Tobelo, Indonesia",earthquake,9.1,8,0.106,25,reviewed,us,us
2018-05-03T04:54:54.330Z,1.8637,127.3558,48.56,4.4,mb,,109,1.084,0.49,us,us1000e1v7,2018-07-27T20:20:31.040Z,"74 km WNW of Tobelo, Indonesia",earthquake,6.9,8.6,0.079,46,reviewed,us,us
2018-03-31T19:49:49.140Z,1.6835,128.3989,73.34,4.9,mb,,71,1.373,0.69,us,us1000dbxw,2018-06-22T21:32:19.040Z,"43 km E of Tobelo, Indonesia",earthquake,7.5,6.6,0.053,111,reviewed,us,us
2018-03-21T16:22:25.080Z,1.5588,127.8933,10,4.6,mb,,108,0.942,0.61,us,us1000d72n,2018-06-19T01:35:46.040Z,"22 km SW of Tobelo, Indonesia",earthquake,6.3,1.9,0.074,55,reviewed,us,us
2018-03-21T15:33:47.850Z,1.4793,127.9345,7.53,5.2,mww,,102,0.903,0.89,us,us1000d72a,2018-06-19T01:35:46.040Z,"28 km SSW of Tobelo, Indonesia",earthquake,3.5,4.3,0.073,18,reviewed,us,us
2018-03-21T15:33:14.790Z,2.1475,127.8109,35.35,4.6,mb,,109,1.436,0.8,us,us1000d71x,2018-06-19T01:35:46.040Z,"51 km NNW of Tobelo, Indonesia",earthquake,8.2,3.2,0.064,72,reviewed,us,us
2018-03-03T18:08:48.020Z,1.7813,127.3386,101.3,4.4,mb,,100,1.003,1.18,us,us2000dbrx,2018-05-27T01:06:11.040Z,"74 km W of Tobelo, Indonesia",earthquake,4.3,7.3,0.091,35,reviewed,us,us
2017-12-11T14:11:18.910Z,1.7353,127.3568,99.57,4.6,mb,,126,0.957,1.03,us,us2000c2uf,2018-03-06T00:49:36.040Z,"72 km W of Tobelo, Indonesia",earthquake,9.7,4,0.101,29,reviewed,us,us
2017-12-11T11:51:21.440Z,2.0267,128.0791,10,4.3,mb,,142,1.435,0.67,us,us2000c5l6,2018-03-06T00:49:36.040Z,"33 km NNE of Tobelo, Indonesia",earthquake,7.8,1.9,0.129,17,reviewed,us,us
2017-11-20T10:43:28.490Z,1.8105,127.4506,102.16,4.7,mb,,84,1.035,0.83,us,us2000brsl,2018-02-14T02:01:06.040Z,"62 km W of Tobelo, Indonesia",earthquake,3.5,8.5,0.093,35,reviewed,us,us
2017-10-16T16:57:32.580Z,1.7778,127.359,129.14,4.3,mb,,150,0.999,0.44,us,us1000awat,2018-01-11T02:22:03.040Z,"72 km W of Tobelo, Indonesia",earthquake,11.5,3.9,0.142,14,reviewed,us,us
2017-10-13T15:02:03.340Z,1.2178,127.7706,9.65,4.8,mb,,116,0.599,0.8,us,us1000arfu,2018-01-09T02:14:58.040Z,"58 km NNE of Sofifi, Indonesia",earthquake,5.9,5.9,0.082,46,reviewed,us,us
2017-09-28T17:08:05.260Z,2.1628,127.6017,97.63,4.6,mb,,83,1.401,0.78,us,us2000avzh,2017-12-22T21:56:27.040Z,"66 km NW of Tobelo, Indonesia",earthquake,5.7,7.9,0.09,40,reviewed,us,us
2017-08-19T18:38:23.490Z,1.7007,127.334,10,4.5,mb,,116,0.923,1.08,us,us2000a9rx,2017-11-14T01:42:15.040Z,"75 km W of Tobelo, Indonesia",earthquake,6.5,1.9,0.082,44,reviewed,us,us
2017-08-15T23:35:11.140Z,1.8633,128.2192,117.57,4.1,mb,,108,1.379,0.64,us,us2000a9fv,2017-11-14T01:42:09.040Z,"27 km ENE of Tobelo, Indonesia",earthquake,11.9,7.9,0.123,18,reviewed,us,us
2017-07-23T06:53:18.270Z,1.9099,128.1866,111.79,4.3,mb,,102,1.396,0.69,us,us20009zyd,2017-10-14T00:19:35.040Z,"28 km NE of Tobelo, Indonesia",earthquake,4.1,7.6,0.09,35,reviewed,us,us
2017-07-06T05:47:29.960Z,1.6784,127.634,180.65,4.5,mb,,204,0.939,0.77,us,us10009954,2017-10-03T00:47:51.040Z,"42 km W of Tobelo, Indonesia",earthquake,7.1,8.2,0.181,9,reviewed,us,us
2017-07-01T23:05:09.390Z,2.0184,127.8165,230.95,4.1,mb,,108,1.317,0.67,us,us100097tg,2017-09-27T02:03:21.040Z,Molucca Sea,earthquake,14.7,8,0.144,13,reviewed,us,us
2017-04-26T04:52:01.970Z,1.4202,128.134,92.25,5,mb,,44,1.001,0.52,us,us10008kxh,2017-07-21T02:32:07.040Z,"36 km SSE of Tobelo, Indonesia",earthquake,7.5,4.5,0.052,121,reviewed,us,us
2017-04-19T13:40:20.440Z,1.4956,128.2505,87.39,4.9,mb,,106,1.139,0.49,us,us10008iyz,2017-07-11T01:48:37.040Z,"37 km SE of Tobelo, Indonesia",earthquake,8.9,7,0.08,49,reviewed,us,us
2017-04-11T23:09:35.770Z,1.8892,127.5543,123.19,4,mb,,168,5.598,0.63,us,us10008ip4,2017-07-05T18:09:57.040Z,"53 km WNW of Tobelo, Indonesia",earthquake,9.2,11.8,0.164,10,reviewed,us,us
2017-03-31T06:00:56.480Z,1.8312,127.4227,136.55,4.1,mb,,129,1.053,0.89,us,us10008f7v,2017-06-16T23:08:04.040Z,"66 km W of Tobelo, Indonesia",earthquake,11.5,3.9,0.135,15,reviewed,us,us
2017-02-10T23:26:02.630Z,1.5944,127.4503,139.75,4.7,mb,,92,0.821,0.53,us,us20008j34,2017-05-09T01:24:33.040Z,"63 km WSW of Tobelo, Indonesia",earthquake,8.3,6.5,0.08,47,reviewed,us,us
2017-02-10T03:42:49.280Z,1.2287,128.0302,106.06,4.3,mb,,137,0.803,0.84,us,us20008le9,2017-05-09T01:24:32.040Z,"55 km S of Tobelo, Indonesia",earthquake,12,11.1,0.147,13,reviewed,us,us
2017-02-08T20:50:15.870Z,2.1061,128.0736,222.99,4.4,mb,,173,6.154,0.44,us,us20008kxm,2017-05-09T01:24:31.040Z,"42 km N of Tobelo, Indonesia",earthquake,12.2,11.8,0.179,9,reviewed,us,us
2017-01-23T03:43:43.390Z,2.0286,127.5878,102.26,4.1,mb,,155,1.267,0.53,us,us20008i6y,2017-04-19T18:30:56.040Z,"57 km NW of Tobelo, Indonesia",earthquake,11.2,8.4,0.145,13,reviewed,us,us
2016-12-02T23:24:19.710Z,2.0101,127.9676,171.15,4.3,mb,,102,1.368,0.45,us,us20007zhh,2017-03-03T07:05:59.040Z,"31 km N of Tobelo, Indonesia",earthquake,13.5,9,0.188,8,reviewed,us,us
2016-11-22T20:38:47.780Z,1.3353,128.0384,160.55,4.4,mb,,96,0.874,0.97,us,us10007bjp,2017-02-15T23:21:37.040Z,"43 km S of Tobelo, Indonesia",earthquake,8.6,5.5,0.081,44,reviewed,us,us
2016-10-25T08:24:34.540Z,1.615,127.4085,162.62,4.7,mb,,162,0.838,0.78,us,us20007gkc,2017-01-20T00:31:05.040Z,"68 km W of Tobelo, Indonesia",earthquake,8,7.5,0.097,32,reviewed,us,us
2016-10-19T17:58:02.770Z,2.0137,127.6294,45.88,4.3,mb,,127,1.261,0.85,us,us20007gen,2017-01-15T01:13:55.040Z,"52 km NW of Tobelo, Indonesia",earthquake,8.7,7.2,0.117,21,reviewed,us,us
2016-10-14T11:48:41.310Z,1.5696,127.4145,129.43,4.3,mb,,132,0.793,0.83,us,us20007flb,2017-01-15T01:13:53.040Z,"68 km WSW of Tobelo, Indonesia",earthquake,11.7,7.6,0.143,14,reviewed,us,us
2016-10-09T14:46:26.690Z,1.7703,127.449,128,5.8,mww,,30,0.995,0.81,us,us20007cya,2020-07-10T16:33:46.727Z,"62 km W of Tobelo, Indonesia",earthquake,5.8,1.8,,,reviewed,us,us
2016-10-07T22:46:35.910Z,1.8315,127.6534,134.19,4.1,mb,,135,1.091,0.91,us,us20007dvx,2017-01-07T00:20:45.040Z,"41 km WNW of Tobelo, Indonesia",earthquake,13.5,8.9,0.174,9,reviewed,us,us
2016-07-28T23:56:24.280Z,1.8134,127.3515,107.72,4.1,mb,,159,1.034,1.07,us,us100069im,2016-09-24T22:47:23.040Z,"73 km W of Tobelo, Indonesia",earthquake,13,8.4,0.165,10,reviewed,us,us
2016-07-13T09:13:06.560Z,1.6084,128.3072,69.22,4.6,mb,,104,1.254,0.55,us,us1000637m,2016-09-08T01:50:30.040Z,"35 km ESE of Tobelo, Indonesia",earthquake,7,7,0.074,55,reviewed,us,us
2016-07-04T12:16:44.590Z,1.9978,127.7133,46.37,4.6,mb,,103,1.266,0.67,us,us10005ztg,2016-09-02T21:36:37.040Z,"44 km NW of Tobelo, Indonesia",earthquake,8.2,7.5,0.075,54,reviewed,us,us
2016-06-26T23:42:27.700Z,2.1348,127.9961,81.33,4.1,mb,,120,1.492,0.46,us,us10005z5h,2016-08-31T03:08:18.040Z,"44 km N of Tobelo, Indonesia",earthquake,13.7,6.1,0.157,11,reviewed,us,us
2016-05-22T03:32:15.160Z,1.6593,127.7987,10,4.3,mb,,158,0.981,0.64,us,us20005yj9,2016-08-03T22:33:41.040Z,"24 km WSW of Tobelo, Indonesia",earthquake,5.6,2,0.238,5,reviewed,us,us
2016-05-21T19:49:18.260Z,1.6338,127.7344,9.12,4.3,mb,,111,0.931,0.42,us,us20005yhd,2016-08-03T22:33:41.040Z,"32 km WSW of Tobelo, Indonesia",earthquake,8.2,4.4,0.143,14,reviewed,us,us
2016-05-14T03:44:50.400Z,1.5441,127.6946,34.21,4.6,mb,,98,0.834,0.91,us,us10005hcp,2016-07-22T19:39:05.040Z,"40 km WSW of Tobelo, Indonesia",earthquake,7.4,4.1,0.09,37,reviewed,us,us
2016-05-14T02:58:28.930Z,1.557,127.7648,35.9,4.3,mb,,98,0.875,0.96,us,us10005ivt,2016-07-22T19:39:05.040Z,"33 km SW of Tobelo, Indonesia",earthquake,8.1,5.2,0.148,13,reviewed,us,us
2016-05-14T02:35:30.350Z,1.4672,127.7291,45.06,4.5,mb,,94,0.78,0.82,us,us10005ivq,2016-07-22T19:39:05.040Z,"42 km SW of Tobelo, Indonesia",earthquake,7.8,6.8,0.102,28,reviewed,us,us
2016-05-13T12:13:57.910Z,1.7645,127.3584,104.71,4.5,mb,,109,0.986,0.86,us,us10005h3r,2016-07-22T19:39:04.040Z,"Halmahera, Indonesia",earthquake,7.9,7.2,0.077,50,reviewed,us,us
2015-12-16T02:11:33.290Z,1.9001,127.5786,113.32,4.1,mb,,194,1.14,0.19,us,us10004857,2016-03-05T01:42:08.040Z,"51 km WNW of Tobelo, Indonesia",earthquake,13.3,11.6,0.145,13,reviewed,us,us
2015-11-16T07:58:44.050Z,1.1958,128.0155,13.27,4.4,mb,,119,21.753,0.93,us,us10003zj9,2016-02-13T02:08:24.040Z,"58 km S of Tobelo, Indonesia",earthquake,10.1,7.3,0.139,15,reviewed,us,us
2015-11-01T06:55:49.960Z,1.9129,128.308,121.86,4.5,mb,,114,1.473,0.79,us,us20004161,2016-01-30T02:11:00.040Z,"38 km ENE of Tobelo, Indonesia",earthquake,10.6,7.5,0.085,40,reviewed,us,us
2015-10-17T11:03:49.090Z,1.8251,127.3577,97.82,4.9,mb,,60,1.046,0.61,us,us10003pc4,2016-01-15T20:50:55.040Z,"73 km W of Tobelo, Indonesia",earthquake,7.1,6.2,0.061,84,reviewed,us,us
2015-10-14T02:47:07.760Z,1.8125,128.3198,88.18,5.1,mb,,62,1.405,1.32,us,us10003nhu,2016-11-10T21:56:01.398Z,"35 km ENE of Tobelo, Indonesia",earthquake,6.8,4.9,0.055,108,reviewed,us,us
2015-09-02T14:02:17.430Z,1.7654,127.5569,174.69,4.5,mb,,95,1.005,0.81,us,us20003jmx,2015-12-01T00:36:11.040Z,"50 km W of Tobelo, Indonesia",earthquake,6,7,0.121,20,reviewed,us,us
2015-09-01T21:03:29.520Z,1.3659,128.247,99.88,4.5,mb,,94,1.059,0.68,us,us20003jcy,2015-12-01T00:36:09.040Z,"48 km SSE of Tobelo, Indonesia",earthquake,7.4,8.7,0.078,48,reviewed,us,us
2015-08-23T14:33:29.300Z,1.5426,127.3581,19.8,4.7,mb,,69,0.765,0.76,us,us100034bs,2015-11-24T02:09:30.040Z,"75 km WSW of Tobelo, Indonesia",earthquake,5.5,5.4,0.083,44,reviewed,us,us
2015-08-04T17:48:30.240Z,1.7307,127.5424,175.18,4.5,mb,,50,0.968,0.68,us,us100033ze,2015-10-30T02:47:48.040Z,"51 km W of Tobelo, Indonesia",earthquake,8.6,6.3,0.073,55,reviewed,us,us
2015-08-04T10:07:56.940Z,1.7953,127.4624,113.49,4.2,mb,,154,1.021,1.12,us,us100033z5,2015-10-30T02:47:48.040Z,"61 km W of Tobelo, Indonesia",earthquake,9,7.4,0.167,10,reviewed,us,us
2015-07-23T16:37:06.820Z,1.4588,128.3095,84.85,4,mb,,136,1.163,0.5,us,us100031ej,2015-10-22T20:04:54.040Z,"44 km SE of Tobelo, Indonesia",earthquake,7.9,11.5,0.164,10,reviewed,us,us
2015-06-18T13:28:56.450Z,1.489,128.2799,81.92,4.3,mb,,155,1.158,0.85,us,us10002jz4,2015-09-01T00:53:49.040Z,"40 km SE of Tobelo, Indonesia",earthquake,9.8,7.8,0.126,18,reviewed,us,us
2015-06-16T03:05:31.410Z,2.1365,128.1415,108.66,4,mb,,176,1.561,0.41,us,us10002mk6,2015-08-20T00:43:59.040Z,"47 km NNE of Tobelo, Indonesia",earthquake,10.9,8.1,0.183,8,reviewed,us,us
2015-06-08T01:50:21.360Z,1.7622,127.3976,122.54,4.4,mb,,119,0.984,0.63,us,us10002k29,2015-08-10T13:08:24.040Z,"68 km W of Tobelo, Indonesia",earthquake,14.4,10.1,0.19,8,reviewed,us,us
2015-05-18T12:45:44.560Z,1.6084,127.4021,132.71,4.7,mb,,73,0.831,0.65,us,us10002a6b,2015-07-23T01:04:07.040Z,"68 km W of Tobelo, Indonesia",earthquake,7.8,4,0.091,36,reviewed,us,us
2015-05-12T10:20:00.890Z,2.2161,127.9672,257.01,4.2,mb,,142,1.555,0.81,us,us10002bfq,2015-07-17T07:06:12.040Z,"54 km N of Tobelo, Indonesia",earthquake,10.8,6.2,0.153,12,reviewed,us,us
2015-02-18T20:20:12.180Z,1.1947,127.9012,5.57,4.5,mb,,51,0.679,1.18,us,usb000tqee,2015-05-11T23:20:23.040Z,"60 km SSW of Tobelo, Indonesia",earthquake,6.4,5.4,0.113,25,reviewed,us,us
2015-02-17T16:59:06.240Z,1.8992,127.4343,110.5,4.3,mb,,113,1.121,0.64,us,usc000trwq,2015-05-11T23:20:21.040Z,"66 km WNW of Tobelo, Indonesia",earthquake,10.3,10.3,0.133,18,reviewed,us,us
2015-01-28T05:32:14.890Z,1.6668,127.649,79.49,4.5,mb,,152,0.932,0.57,us,usc000tljn,2015-04-24T16:56:16.040Z,"40 km W of Tobelo, Indonesia",earthquake,8.8,10,0.145,15,reviewed,us,us
2015-01-09T21:19:35.550Z,1.5659,127.4047,143.16,4.4,mb,,102,0.789,0.36,us,usc000ths0,2015-04-10T18:56:34.040Z,"69 km WSW of Tobelo, Indonesia",earthquake,10.6,5.3,0.135,17,reviewed,us,us
2014-12-15T17:49:53.800Z,1.6162,127.3397,135.72,4.3,mb,,154,0.839,0.32,us,usc000t70a,2015-03-04T21:55:05.040Z,"75 km W of Tobelo, Indonesia",earthquake,9.8,5.1,0.122,20,reviewed,us,us
2014-11-26T16:40:46.720Z,1.7176,127.3535,109.63,4.5,mb,,119,0.939,0.8,us,usc000t58h,2015-02-24T00:35:06.040Z,"73 km W of Tobelo, Indonesia",earthquake,10.4,10.4,0.171,11,reviewed,us,us
2014-11-19T20:11:01.860Z,1.9211,127.6193,242.21,4.1,mb,,154,1.169,0.5,us,usb000t2hd,2015-02-18T03:30:46.040Z,"48 km WNW of Tobelo, Indonesia",earthquake,11.8,7.8,0.214,7,reviewed,us,us
2014-11-18T02:57:37.020Z,2.167,128.0829,258.44,4.1,mb,,177,1.559,0.45,us,usb000t277,2015-02-12T01:42:56.040Z,"49 km N of Tobelo, Indonesia",earthquake,16.6,8.7,0.139,15,reviewed,us,us
2014-09-30T23:14:17.210Z,2.1585,128.0532,52.97,4.1,mb,,152,1.538,0.82,us,usb000skpm,2014-12-20T00:54:05.040Z,"47 km N of Tobelo, Indonesia",earthquake,12.3,8.4,0.524,4,reviewed,us,us
2014-08-24T16:06:39.320Z,1.3174,127.6234,104.51,4.1,mb,,106,0.599,0.55,us,usb000s9nk,2014-11-22T02:06:34.000Z,"62 km SW of Tobelo, Indonesia",earthquake,8.4,9.7,0.197,9,reviewed,us,us
2014-08-19T23:29:54.020Z,2.081,128.1098,86.33,4.2,mb,,193,1.497,0.58,us,usc000s8qg,2014-11-15T04:07:17.000Z,"40 km NNE of Tobelo, Indonesia",earthquake,,8.9,0.235,7,reviewed,us,us
2014-07-13T14:08:20.240Z,1.9239,128.256,111.82,4.6,mb,,107,1.449,0.8,us,usb000rsm1,2014-10-10T08:02:16.000Z,"34 km NE of Tobelo, Indonesia",earthquake,,5.8,0.107,26,reviewed,us,us
2014-07-13T07:27:11.110Z,1.4576,127.4024,133,4.2,mb,,196,0.682,0.14,us,usb000rwlr,2014-10-10T08:02:16.000Z,"73 km N of Ternate, Indonesia",earthquake,,8.5,0.264,4,reviewed,us,us
2014-06-19T00:21:04.560Z,1.7407,127.4046,92.52,4.1,mb,,191,0.963,0.42,us,usb000rrrz,2014-09-19T17:22:03.000Z,"67 km W of Tobelo, Indonesia",earthquake,,10.5,0.151,13,reviewed,us,us
2014-05-07T02:52:04.580Z,1.5509,128.2374,104.47,4.3,mb,,113,1.164,0.81,us,usb000r5di,2014-08-06T00:55:26.000Z,"32 km SE of Tobelo, Indonesia",earthquake,,8.2,0.142,14,reviewed,us,us
2014-04-15T14:08:03.340Z,1.7446,127.5476,55,4.5,mb,,104,0.983,0.7,us,usb000pl9j,2014-07-01T02:38:10.000Z,"51 km W of Tobelo, Indonesia",earthquake,,7.3,0.094,36,reviewed,us,us
2014-03-26T20:47:51.220Z,1.7542,127.5146,146.84,5.4,mww,,22,0.986,0.72,us,usc000nrzc,2015-01-30T21:37:54.475Z,"55 km W of Tobelo, Indonesia",earthquake,,3.9,,,reviewed,us,us
2014-03-09T06:11:05.810Z,1.9179,127.6404,177.02,4.7,mb,,32,1.17,0.7,us,usc000n5sj,2014-05-15T02:23:50.000Z,"Halmahera, Indonesia",earthquake,,4.6,0.06,89,reviewed,us,us
2014-02-24T03:18:12.330Z,2.1156,128.0744,41.51,4.5,mb,,108,1.51,1.28,us,usc000mx5m,2014-05-07T00:03:09.000Z,"43 km N of Tobelo, Indonesia",earthquake,,4.6,0.104,27,reviewed,us,us
2014-02-18T02:43:38.320Z,2.0461,127.9605,35,4.2,mb,,183,1.398,0.32,us,usb000myf9,2014-04-30T21:18:24.000Z,"35 km N of Tobelo, Indonesia",earthquake,,2,0.186,8,reviewed,us,us
2014-02-10T16:11:26.430Z,1.579,127.3946,158.71,4.8,mb,,77,0.802,0.72,us,usc000mm8u,2014-04-22T18:30:12.000Z,"70 km WSW of Tobelo, Indonesia",earthquake,,5.4,0.086,46,reviewed,us,us
2014-02-04T19:56:34.950Z,1.4377,127.7271,111.26,4.4,mb,,173,0.753,1.23,us,usc000mhfr,2014-04-08T01:43:29.000Z,"44 km SW of Tobelo, Indonesia",earthquake,,7.9,0.115,24,reviewed,us,us
2014-01-21T16:48:47.390Z,1.3646,128.1744,101.78,4.9,mb,,61,0.999,0.62,us,usb000m5qk,2014-03-22T00:05:28.000Z,"44 km SSE of Tobelo, Indonesia",earthquake,,4,0.067,69,reviewed,us,us
2014-01-17T21:32:11.680Z,1.7723,127.554,75.72,4.2,mb,,149,1.011,0.2,us,usc000melm,2014-03-22T00:05:19.000Z,"50 km W of Tobelo, Indonesia",earthquake,,11.4,0.237,6,reviewed,us,us
2014-01-06T06:16:29.320Z,2.1806,128.1117,150.64,4.3,mb,,134,1.585,0.83,us,usb000m64j,2014-03-07T00:26:00.000Z,"51 km NNE of Tobelo, Indonesia",earthquake,,8.1,0.147,14,reviewed,us,us
2013-12-03T03:41:51.160Z,1.8961,127.4461,108.92,4.2,mb,,120,1.119,0.59,us,usb000lcpc,2014-02-15T01:32:07.000Z,"65 km WNW of Tobelo, Indonesia",earthquake,,8.4,0.121,,reviewed,us,us
2013-11-27T17:24:37.330Z,1.7432,127.5583,133.88,4.1,mb,,192,0.983,0.2,us,usb000la0m,2014-02-12T01:08:35.000Z,"50 km W of Tobelo, Indonesia",earthquake,,10.8,0.37,,reviewed,us,us
2013-10-04T12:44:13.990Z,1.6961,128.4022,66.64,5.2,mb,,49,1.383,0.56,us,usb000k6fu,2013-12-19T02:51:34.000Z,"43 km E of Tobelo, Indonesia",earthquake,,4.7,0.059,,reviewed,us,us
2013-09-13T18:44:06.970Z,1.7456,127.401,114.08,4.5,mb,,100,0.967,0.91,us,usc000jtuu,2013-11-19T17:37:42.000Z,"67 km W of Tobelo, Indonesia",earthquake,,7,0.083,,reviewed,us,us
2013-06-19T05:47:03.500Z,1.868,127.584,189.1,4.8,mb,56,99,,0.66,us,usc000hut7,2014-11-07T01:51:05.721Z,"49 km WNW of Tobelo, Indonesia",earthquake,,5.6,,42,reviewed,us,us
2013-06-14T01:32:16.420Z,1.558,127.761,4.6,4.4,mb,23,139,,0.53,us,usp000k18k,2014-11-07T01:51:04.287Z,"33 km SW of Tobelo, Indonesia",earthquake,,5.7,,15,reviewed,us,us
2013-06-10T16:22:51.850Z,1.726,127.395,108.7,4.1,mb,9,193.6,,0.27,us,us2013rgck,2014-11-07T01:51:03.524Z,"68 km W of Tobelo, Indonesia",earthquake,,11.1,,3,reviewed,us,us
2013-05-09T13:56:41.670Z,1.331,128.169,110.9,5,mb,111,82,,1.02,us,usc000gruq,2014-11-07T01:50:45.814Z,"47 km SSE of Tobelo, Indonesia",earthquake,,,,70,reviewed,us,us
2013-04-18T16:30:14.220Z,1.605,127.384,111.7,4.1,mb,18,132,,1.09,us,us2013pddy,2014-11-07T01:50:35.645Z,"70 km W of Tobelo, Indonesia",earthquake,,10.1,,10,reviewed,us,us
2013-04-06T07:37:54.530Z,1.683,127.478,135.4,4.8,mb,101,38.9,,0.99,us,usb000g15r,2014-11-07T01:50:31.193Z,"Halmahera, Indonesia",earthquake,,5.7,,59,reviewed,us,us
2012-11-05T11:59:28.640Z,1.493,128.319,88.8,4.7,mb,85,84.2,,0.78,us,usp000jv29,2014-11-07T01:49:18.410Z,"43 km SE of Tobelo, Indonesia",earthquake,,,,34,reviewed,us,us
2012-09-25T08:08:27.230Z,1.858,127.387,116.9,4.7,mb,52,79.8,,0.77,us,usp000jsxz,2014-11-07T01:48:54.728Z,"70 km WNW of Tobelo, Indonesia",earthquake,,5.2,,24,reviewed,us,us
2012-06-27T12:09:06.370Z,1.592,127.584,211.3,4.1,mb,24,95.7,,0.65,us,usp000jna2,2014-11-07T01:48:09.774Z,"49 km WSW of Tobelo, Indonesia",earthquake,,15.8,,2,reviewed,us,us
2012-06-03T18:01:26.470Z,2.097,127.538,79.2,4,mb,19,106.3,,0.85,us,usp000jm9r,2014-11-07T01:48:00.102Z,"66 km NW of Tobelo, Indonesia",earthquake,,32.2,,1,reviewed,us,us
2012-05-24T00:46:48.160Z,1.583,127.708,35,4.2,mb,15,138.5,,0.78,us,usp000jkuy,2014-11-07T01:47:51.895Z,"37 km WSW of Tobelo, Indonesia",earthquake,,,,4,reviewed,us,us
2012-05-24T00:36:53.540Z,1.512,127.495,35,4.3,mb,14,138.1,,0.79,us,usp000jkuv,2014-11-07T01:47:51.887Z,"62 km WSW of Tobelo, Indonesia",earthquake,,,,3,reviewed,us,us
2012-05-24T00:33:26.280Z,1.584,127.839,4.1,4.5,mb,31,103.4,,0.95,us,usp000jkuu,2014-11-07T01:47:51.884Z,"24 km SW of Tobelo, Indonesia",earthquake,,13.6,,11,reviewed,us,us
2012-05-23T23:45:06.020Z,1.553,127.953,35,4.3,mb,18,126,,0.94,us,usp000jkus,2014-11-07T01:47:51.880Z,"20 km SSW of Tobelo, Indonesia",earthquake,,,,5,reviewed,us,us
2012-05-23T23:36:09.550Z,1.621,127.754,35,4.5,mb,22,138.6,,0.95,us,usp000jkur,2014-11-07T01:47:51.878Z,"30 km WSW of Tobelo, Indonesia",earthquake,,,,2,reviewed,us,us
2012-05-23T13:37:41.560Z,1.523,127.831,35,4.3,mb,13,152.6,,0.85,us,usp000jktt,2014-11-07T01:47:51.633Z,"30 km SW of Tobelo, Indonesia",earthquake,,,,1,reviewed,us,us
2012-02-06T02:14:26.210Z,1.687,127.55,115.5,4.4,mb,23,152.9,,0.64,us,usp000jejq,2014-11-07T01:46:58.484Z,"51 km W of Tobelo, Indonesia",earthquake,,6.4,,5,reviewed,us,us
2012-02-03T10:58:42.870Z,1.697,127.827,210.2,4.8,mb,45,134.4,,0.72,us,usp000jedw,2014-11-07T01:46:57.299Z,"20 km W of Tobelo, Indonesia",earthquake,,6.1,,22,reviewed,us,us
2012-01-16T03:00:36.580Z,1.904,128.171,139.3,4,mb,18,135,,0.48,us,usp000jdjg,2014-11-07T01:46:47.460Z,"26 km NE of Tobelo, Indonesia",earthquake,,10.5,,1,reviewed,us,us
2012-01-08T23:45:19.290Z,1.462,128.224,81.9,4.8,mb,53,42.1,,0.8,us,usp000jd8d,2014-11-07T01:46:45.085Z,"37 km SE of Tobelo, Indonesia",earthquake,,6.4,,25,reviewed,us,us
2012-01-07T07:31:42.700Z,1.705,127.475,114.8,5.4,mww,299,22.2,,0.76,us,usp000jd5q,2014-11-07T01:46:44.506Z,"59 km W of Tobelo, Indonesia",earthquake,,,,,reviewed,us,us
2011-12-30T01:45:02.300Z,1.911,127.56,88.1,4.7,mb,68,36.6,,0.69,us,usp000jctt,2014-11-07T01:46:38.639Z,"53 km WNW of Tobelo, Indonesia",earthquake,,5.5,,37,reviewed,us,us
2011-12-28T17:33:53.610Z,1.685,127.643,143.7,5.2,mwc,195,30.8,,0.87,us,usp000jcs5,2014-11-07T01:46:38.343Z,"41 km W of Tobelo, Indonesia",earthquake,,,,,reviewed,us,gcmt
2011-12-27T20:30:15.140Z,1.872,128.328,120.2,5,mb,69,83.6,,0.86,us,usp000jcqq,2014-11-07T01:46:38.141Z,,earthquake,,8.4,,26,reviewed,us,us
2011-12-09T21:35:52.950Z,1.821,127.631,81,4.6,mb,55,33,,0.93,us,usp000jc0f,2014-11-07T01:46:32.559Z,"43 km WNW of Tobelo, Indonesia",earthquake,,8.2,,24,reviewed,us,us
2011-11-30T16:32:04.260Z,1.41,128.325,94.5,4.7,mb,44,131.9,,0.78,us,usp000jbne,2014-11-07T01:46:26.176Z,"Halmahera, Indonesia",earthquake,,,,19,reviewed,us,us
2011-11-18T15:13:14.020Z,1.691,127.435,35,4.6,mb,9,193.6,,0.89,us,usp000jb2g,2014-11-07T01:46:22.628Z,"64 km W of Tobelo, Indonesia",earthquake,,,,1,reviewed,us,us
2011-11-12T20:30:48.620Z,1.68,127.363,99.5,4.4,mb,23,86,,0.78,us,usp000jark,2014-11-07T01:46:20.338Z,"72 km W of Tobelo, Indonesia",earthquake,,19.1,,9,reviewed,us,us
2011-10-27T13:49:09.490Z,1.586,127.366,35,4.3,mb,8,193.4,,0.93,us,usp000j9zp,2014-11-07T01:46:11.688Z,"73 km WSW of Tobelo, Indonesia",earthquake,,,,1,reviewed,us,us
2011-07-27T04:29:18.440Z,1.906,127.384,122.8,4.6,mb,44,81.2,,1.07,us,usp000j5jf,2014-11-07T01:45:27.179Z,"Halmahera, Indonesia",earthquake,,10.3,,13,reviewed,us,us
2011-07-24T10:09:49.240Z,1.907,128.225,140.3,4.7,mb,92,50.6,,0.83,us,usp000j5dr,2014-11-07T01:45:25.681Z,"31 km NE of Tobelo, Indonesia",earthquake,,6.8,,34,reviewed,us,us
2011-07-12T22:27:31.360Z,1.77,127.507,142,4.7,mb,82,48.6,,0.93,us,usp000j4sk,2014-11-07T01:45:21.425Z,"56 km W of Tobelo, Indonesia",earthquake,,7.9,,37,reviewed,us,us
2011-07-12T18:57:10.300Z,1.559,128.36,81.6,4.9,mb,98,33.3,,0.97,us,usp000j4s5,2014-11-07T01:45:21.264Z,"Halmahera, Indonesia",earthquake,,6,,52,reviewed,us,us
2011-07-02T20:24:17.540Z,2.046,127.646,35,4.4,mb,48,106,,0.88,us,usp000j42n,2014-11-07T01:45:15.566Z,"53 km NW of Tobelo, Indonesia",earthquake,,,,26,reviewed,us,us
2011-06-29T15:16:48.540Z,1.625,127.579,148.3,4.4,mb,40,159,,0.77,us,usp000j3y8,2014-11-07T01:45:11.772Z,"49 km WSW of Tobelo, Indonesia",earthquake,,13.7,,20,reviewed,us,us
2011-06-27T20:20:10.220Z,1.46,128.31,87,4.6,mb,35,79.3,,0.95,us,usp000j3un,2014-11-07T01:45:11.079Z,"44 km SE of Tobelo, Indonesia",earthquake,,9.3,,13,reviewed,us,us
2011-06-12T01:30:41.560Z,1.838,127.425,77.8,4.7,mb,42,66.5,,0.54,us,usp000j30q,2014-11-07T01:45:04.483Z,"66 km W of Tobelo, Indonesia",earthquake,,7,,20,reviewed,us,us
2011-05-17T19:15:46.690Z,1.951,127.454,35,4.3,mb,16,131.9,,1.19,us,usp000j1ra,2014-11-07T01:44:51.976Z,"66 km WNW of Tobelo, Indonesia",earthquake,,,,8,reviewed,us,us
2011-04-14T03:28:52.470Z,1.771,127.598,149,4.3,mb,19,159.1,,0.65,us,usp000hzx9,2014-11-07T01:44:32.852Z,"46 km W of Tobelo, Indonesia",earthquake,,21.5,,6,reviewed,us,us
2011-04-04T08:49:45.050Z,1.799,127.487,138.9,4.9,mb,15,125.9,,0.49,us,usp000hz8d,2014-11-07T01:44:28.310Z,"58 km W of Tobelo, Indonesia",earthquake,,7.7,,5,reviewed,us,us
2011-02-12T22:27:21.910Z,1.94,127.942,35,4.2,mb,16,66.3,,0.46,us,usp000huee,2014-11-07T01:43:39.777Z,"24 km NNW of Tobelo, Indonesia",earthquake,,,,8,reviewed,us,us
2011-01-29T01:38:52.800Z,1.852,127.549,99.4,4.3,mb,22,100.1,,0.71,us,usp000htsx,2014-11-07T01:43:31.100Z,"53 km WNW of Tobelo, Indonesia",earthquake,,9.9,,5,reviewed,us,us
2011-01-26T19:11:48.960Z,1.971,127.424,106,4.7,mb,18,138.1,,0.71,us,usp000htpd,2014-11-07T01:43:30.148Z,"70 km WNW of Tobelo, Indonesia",earthquake,,9.6,,5,reviewed,us,us
2010-11-14T02:48:14.700Z,1.604,127.503,126.5,4.3,mb,17,154,,0.8,us,usp000hphr,2014-11-07T01:42:54.769Z,"58 km WSW of Tobelo, Indonesia",earthquake,,8.4,,6,reviewed,us,us
2010-09-02T04:36:50.290Z,1.842,127.472,108.6,4.4,mb,29,54.7,,0.85,us,usp000hk1v,2014-11-07T01:42:21.882Z,"61 km WNW of Tobelo, Indonesia",earthquake,,6.7,,10,reviewed,us,us
2010-07-04T05:41:40.460Z,1.938,127.758,117.9,4.6,mb,30,145.3,,0.66,us,usp000hevv,2014-11-07T01:41:50.406Z,"36 km NW of Tobelo, Indonesia",earthquake,,7.6,,11,reviewed,us,us
2010-06-05T17:43:17.660Z,1.597,127.389,147.4,5.1,mwc,154,53.8,,0.91,us,usp000hdmg,2016-11-10T02:29:11.932Z,"70 km WSW of Tobelo, Indonesia",earthquake,,,,,reviewed,us,gcmt
2010-06-03T11:31:08.820Z,1.454,127.696,195.5,4.5,mb,22,132.1,,0.72,us,usp000hdhn,2014-11-07T01:41:38.245Z,"46 km SW of Tobelo, Indonesia",earthquake,,7.1,,3,reviewed,us,us
2010-03-05T10:14:26.220Z,1.891,127.504,107.4,5,mb,105,51.3,,0.96,us,usp000h8rn,2014-11-07T01:40:55.992Z,"59 km WNW of Tobelo, Indonesia",earthquake,,4.9,,41,reviewed,us,us
2010-02-15T17:34:39.400Z,1.743,127.434,116.6,4.7,mb,59,66.3,,0.8,us,usp000h7bb,2014-11-07T01:40:42.684Z,"64 km W of Tobelo, Indonesia",earthquake,,5.8,,27,reviewed,us,us
2010-01-31T06:24:05.700Z,1.725,127.369,119.8,4.5,mb,19,104.7,,0.8,us,usp000h6tp,2014-11-07T01:40:35.536Z,"71 km W of Tobelo, Indonesia",earthquake,,8.5,,4,reviewed,us,us
2009-12-24T20:00:19.880Z,1.514,128.235,102.1,4.8,mb,87,50.6,,1.03,us,usp000h5ax,2014-11-07T01:40:18.422Z,"34 km SE of Tobelo, Indonesia",earthquake,,7.3,,39,reviewed,us,us
2009-12-04T17:51:54.320Z,1.673,127.424,121.2,4.7,mb,68,64.9,,0.79,us,usp000h4r3,2014-11-07T01:40:13.923Z,"65 km W of Tobelo, Indonesia",earthquake,,,,31,reviewed,us,us
2009-09-17T04:52:26.910Z,1.61,128.236,94.9,5.1,mwc,105,28.2,,0.78,us,usp000h1kh,2016-11-10T02:17:14.722Z,"28 km ESE of Tobelo, Indonesia",earthquake,,5.8,,,reviewed,us,gcmt
2009-08-18T01:31:10.630Z,1.847,127.413,92.4,5.3,mwc,145,29.2,,0.87,us,usp000h0jb,2016-11-10T02:16:13.963Z,,earthquake,,6.4,,,reviewed,us,gcmt
2009-05-31T07:30:03.660Z,1.946,127.655,35,4.5,mb,27,110.9,,1.16,us,usp000gxqp,2014-11-07T01:39:02.327Z,"46 km WNW of Tobelo, Indonesia",earthquake,,,,12,reviewed,us,us
2009-04-21T08:58:14.570Z,1.938,127.401,109.4,4.4,mb,29,127.2,,0.83,us,usp000gwes,2014-11-07T01:38:49.018Z,"71 km WNW of Tobelo, Indonesia",earthquake,,10.7,,7,reviewed,us,us
2009-02-05T08:10:18.270Z,1.856,127.482,102.3,4.6,mb,11,191.7,,0.53,us,usp000gtfj,2014-11-07T01:38:20.295Z,"60 km WNW of Tobelo, Indonesia",earthquake,,40.8,,2,reviewed,us,us
2008-12-01T15:26:53.290Z,1.965,127.768,35,4,mb,9,192.2,,0.37,us,usp000gprv,2014-11-07T01:37:51.503Z,"37 km NW of Tobelo, Indonesia",earthquake,,,,1,reviewed,us,us
2008-11-29T18:36:08.560Z,1.874,127.633,35,4,mb,10,139.9,,1.24,us,usp000gpp2,2014-11-07T01:37:48.990Z,"44 km WNW of Tobelo, Indonesia",earthquake,,,,2,reviewed,us,us
2008-11-27T01:42:05.970Z,1.783,128.132,159.6,4.4,mb,22,100.3,,0.65,us,usp000gph8,2014-11-07T01:37:48.349Z,"14 km ENE of Tobelo, Indonesia",earthquake,,33.1,,6,reviewed,us,us
2008-11-25T10:34:01.870Z,1.443,128.176,35,4.6,mb,20,134.8,,1.11,us,usp000gpdr,2014-11-07T01:37:47.908Z,"36 km SSE of Tobelo, Indonesia",earthquake,,,,4,reviewed,us,us
2008-11-24T07:23:48.800Z,1.979,127.519,35,4.1,mb,7,195.5,,0.47,us,usp000gpbd,2014-11-07T01:37:47.187Z,"61 km WNW of Tobelo, Indonesia",earthquake,,,,1,reviewed,us,us
2008-11-14T03:08:17.980Z,1.639,128.374,77,4.5,mb,23,146.9,,0.9,us,usp000gnne,2014-11-07T01:37:44.097Z,"41 km ESE of Tobelo, Indonesia",earthquake,,22.3,,12,reviewed,us,us
2008-11-04T14:48:49.160Z,2.038,128.007,254,4.5,mb,30,146,,0.62,us,usp000gmy4,2014-11-07T01:37:40.828Z,"34 km N of Tobelo, Indonesia",earthquake,,26.8,,9,reviewed,us,us
2008-10-28T23:07:51.880Z,2.081,127.753,35,4.2,mb,13,125.9,,0.36,us,usp000gm8f,2014-11-07T01:37:33.249Z,"48 km NW of Tobelo, Indonesia",earthquake,,,,5,reviewed,us,us
2008-10-25T22:15:08.980Z,1.459,127.775,205.5,4.3,mb,22,138.6,,0.6,us,usp000gm18,2014-11-07T01:37:32.425Z,"39 km SW of Tobelo, Indonesia",earthquake,,9.6,,4,reviewed,us,us
2008-10-16T18:28:53.490Z,1.831,127.47,105.1,4.3,mb,23,105.9,,0.91,us,usp000gkd9,2014-11-07T01:37:29.778Z,"Halmahera, Indonesia",earthquake,,19.7,,6,reviewed,us,us
2008-10-10T23:23:05.900Z,1.737,127.407,115.4,4.4,mb,20,105.8,,0.66,us,usp000gjx5,2014-11-07T01:37:27.074Z,"67 km W of Tobelo, Indonesia",earthquake,,22.5,,6,reviewed,us,us
2008-10-10T18:21:38.800Z,1.803,127.399,108,4.9,mb,71,66.4,,0.73,us,usp000gjw7,2014-11-07T01:37:26.951Z,"68 km W of Tobelo, Indonesia",earthquake,,6.9,,39,reviewed,us,us
2008-09-14T02:50:44.080Z,1.953,127.523,35,4.3,mb,8,191.8,,0.26,us,usp000gh0n,2014-11-07T01:37:11.902Z,"59 km WNW of Tobelo, Indonesia",earthquake,,,,1,reviewed,us,us
2008-09-11T17:30:48.680Z,1.877,127.457,88.2,4.3,mb,23,134,,0.71,us,usp000ggw2,2014-11-07T01:37:11.183Z,"63 km WNW of Tobelo, Indonesia",earthquake,,30.1,,4,reviewed,us,us
2008-09-11T00:00:02.700Z,1.885,127.363,96,6.6,mwc,463,14.1,,1.02,us,usp000ggu7,2020-09-21T15:46:50.533Z,"73 km WNW of Tobelo, Indonesia",earthquake,,,,,reviewed,us,us
2008-08-21T00:25:04.800Z,1.224,128.049,35,4.4,mb,39,87.2,,0.81,us,usp000gf48,2014-11-07T01:36:57.280Z,"55 km S of Tobelo, Indonesia",earthquake,,,,12,reviewed,us,us
2008-08-05T14:04:25.920Z,1.692,127.543,137.5,4.8,mb,49,81,,0.8,us,usp000gdwp,2014-11-07T01:36:50.542Z,"52 km W of Tobelo, Indonesia",earthquake,,,,29,reviewed,us,us
2008-07-01T15:58:10.730Z,1.586,127.458,112.2,4.2,mb,9,186.3,,0.49,us,usp000gb34,2014-11-07T01:36:31.951Z,"63 km WSW of Tobelo, Indonesia",earthquake,,24.2,,2,reviewed,us,us
2008-06-20T09:58:10.430Z,1.889,127.633,35,4.1,mb,8,169.7,,0.41,us,usp000ga5c,2014-11-07T01:36:23.541Z,"45 km WNW of Tobelo, Indonesia",earthquake,,,,2,reviewed,us,us
2008-06-05T01:40:56.460Z,2.165,127.955,35,4.5,mb,7,192.7,,0.6,us,usp000g8k8,2014-11-07T01:36:14.674Z,"48 km N of Tobelo, Indonesia",earthquake,,,,1,reviewed,us,us
2008-05-25T23:58:53.230Z,1.695,127.628,94.9,4,mb,14,134.1,,0.79,us,usp000g7t3,2014-11-07T01:36:06.362Z,"42 km W of Tobelo, Indonesia",earthquake,,29.8,,5,reviewed,us,us
2008-05-25T00:05:00.990Z,1.689,127.346,105.4,4.3,mb,18,144.2,,0.52,us,usp000g7px,2014-11-07T01:36:05.937Z,"73 km W of Tobelo, Indonesia",earthquake,,16.2,,8,reviewed,us,us
2008-05-02T12:07:17.180Z,1.631,127.395,122.5,4.6,mb,13,177.7,,0.75,us,usp000g5b7,2014-11-07T01:35:49.804Z,"69 km W of Tobelo, Indonesia",earthquake,,48,,1,reviewed,us,us
2008-04-05T15:32:41.400Z,1.506,127.513,35,3.9,mb,7,195.1,,1.14,us,usp000g35e,2014-11-07T01:35:31.510Z,"60 km WSW of Tobelo, Indonesia",earthquake,,,,2,reviewed,us,us
2008-03-28T17:17:00.700Z,1.812,127.413,10,4.1,mb,13,144.4,,0.79,us,usp000g2js,2014-11-07T01:35:20.265Z,"67 km W of Tobelo, Indonesia",earthquake,,,,5,reviewed,us,us
2008-03-17T00:08:53.700Z,1.631,127.615,35,4.1,mb,11,115.1,,0.72,us,usp000g1n6,2014-11-07T01:35:16.154Z,"45 km WSW of Tobelo, Indonesia",earthquake,,,,3,reviewed,us,us
2008-03-12T14:27:02.530Z,1.815,127.409,107.9,4.6,mb,16,144.4,,0.84,us,usp000g1at,2014-11-07T01:35:14.702Z,"67 km W of Tobelo, Indonesia",earthquake,,20.4,,4,reviewed,us,us
2008-03-05T17:49:49.690Z,1.816,128.382,105.3,4.6,mb,29,107,,0.86,us,usp000g0sv,2014-11-07T01:35:11.564Z,"42 km ENE of Tobelo, Indonesia",earthquake,,,,12,reviewed,us,us
2008-03-02T11:49:40.610Z,1.83,127.353,89.5,4.7,mb,14,144.2,,0.54,us,usp000g0g8,2014-11-07T01:35:09.923Z,"73 km W of Tobelo, Indonesia",earthquake,,21.8,,3,reviewed,us,us
2008-02-05T01:56:08.360Z,1.547,127.41,126.2,4,mb,9,177.7,,0.27,us,usp000fy6m,2014-11-07T01:34:53.985Z,"69 km WSW of Tobelo, Indonesia",earthquake,,41.3,,2,reviewed,us,us
2008-01-28T00:28:15.400Z,1.695,127.598,123.9,4.2,mb,14,178.2,,0.36,us,usp000fxkk,2014-11-07T01:34:46.374Z,"45 km W of Tobelo, Indonesia",earthquake,,28.1,,3,reviewed,us,us
2008-01-14T13:07:37.000Z,1.972,127.716,138.5,4.1,mb,16,106.3,,0.75,us,usp000fwq7,2014-11-07T01:34:42.089Z,"42 km NW of Tobelo, Indonesia",earthquake,,,,1,reviewed,us,us
2008-01-13T14:15:21.130Z,1.233,127.681,35,4.4,mb,7,156.2,,0.34,us,usp000fwmv,2014-11-07T01:34:41.353Z,"56 km NNE of Sofifi, Indonesia",earthquake,,,,1,reviewed,us,us
2008-01-05T12:04:10.730Z,1.674,127.439,100.5,4.7,mb,11,152.8,,0.54,us,usp000fw17,2014-11-07T01:34:37.328Z,"63 km W of Tobelo, Indonesia",earthquake,,51.5,,1,reviewed,us,us
2007-12-17T14:57:05.580Z,1.838,127.884,15,4,mb,6,158,,0.59,us,usp000fun5,2014-11-07T01:34:26.232Z,"18 km NW of Tobelo, Indonesia",earthquake,,0,,1,reviewed,us,us
2007-12-10T00:30:06.090Z,1.572,128.035,35,4.2,mb,14,146,,0.71,us,usp000fu5k,2014-11-07T01:34:22.902Z,"17 km S of Tobelo, Indonesia",earthquake,,,,3,reviewed,us,us
2007-12-10T00:01:05.430Z,1.455,127.776,35,4.8,mb,31,114.6,,1.22,us,usp000fu5g,2014-11-07T01:34:22.892Z,"39 km SW of Tobelo, Indonesia",earthquake,,,,14,reviewed,us,us
2007-12-03T10:53:56.780Z,1.721,127.482,138.4,4.7,mb,17,119.4,,0.65,us,usp000ftsb,2014-11-07T01:34:20.696Z,"58 km W of Tobelo, Indonesia",earthquake,,23.4,,4,reviewed,us,us
2007-11-11T18:23:35.580Z,2.011,128.026,35,3.8,mb,6,157.6,,1.02,us,usp000fscg,2014-11-07T01:34:09.565Z,"31 km N of Tobelo, Indonesia",earthquake,,,,1,reviewed,us,us
2007-09-19T14:10:43.610Z,2.015,127.626,35,4.3,mb,7,192,,0.43,us,usp000fnpw,2014-11-07T01:33:37.398Z,"53 km NW of Tobelo, Indonesia",earthquake,,,,1,reviewed,us,us
2007-09-16T22:56:20.000Z,1.311,128.229,129.7,4.4,mb,16,179.2,,0.73,us,usp000fng0,2014-11-07T01:33:36.159Z,"52 km SSE of Tobelo, Indonesia",earthquake,,38.2,,3,reviewed,us,us
2007-09-10T04:20:31.560Z,1.404,127.614,158.4,4.2,mb,16,65.6,,1.13,us,usp000fmtt,2014-11-07T01:33:32.382Z,"56 km SW of Tobelo, Indonesia",earthquake,,27.7,,4,reviewed,us,us
2007-09-09T05:45:26.180Z,1.517,127.389,184.1,4.4,mb,12,177.6,,0.84,us,usp000fmrk,2014-11-07T01:33:31.987Z,"72 km WSW of Tobelo, Indonesia",earthquake,,36,,3,reviewed,us,us
2007-08-28T02:21:30.000Z,1.558,127.672,15,4.2,mb,8,158.8,,1.23,us,usp000fkv5,2014-11-07T01:33:23.805Z,"42 km WSW of Tobelo, Indonesia",earthquake,,0,,2,reviewed,us,us
2007-07-21T11:48:49.640Z,1.59,127.632,35,4.5,mb,14,129.7,,1,us,usp000fgsp,2014-11-07T01:33:01.832Z,"44 km WSW of Tobelo, Indonesia",earthquake,,,,2,reviewed,us,us
2007-07-21T11:01:29.640Z,1.672,127.679,10,4.6,mb,13,135.8,,0.89,us,usp000fgsj,2014-11-07T01:33:01.824Z,"37 km W of Tobelo, Indonesia",earthquake,,,,1,reviewed,us,us
2007-07-21T11:00:20.630Z,1.567,127.66,15,4.5,mb,14,145,,0.84,us,usp000fgsg,2014-11-07T01:33:01.821Z,"42 km WSW of Tobelo, Indonesia",earthquake,,0,,3,reviewed,us,us
2007-07-10T03:29:16.630Z,1.295,128.097,154.7,4.4,mb,7,182,,0.62,us,usp000ffwp,2014-11-07T01:32:56.137Z,"48 km SSE of Tobelo, Indonesia",earthquake,,48.5,,2,reviewed,us,us
2007-07-09T22:26:26.030Z,1.983,127.549,35,4.2,mb,12,178.3,,0.59,us,usp000ffw7,2014-11-07T01:32:56.082Z,"58 km WNW of Tobelo, Indonesia",earthquake,,,,4,reviewed,us,us
2007-07-08T14:16:43.280Z,2.096,127.534,24.3,4.2,mb,13,144.8,,1.11,us,usp000ffsa,2014-11-07T01:32:55.626Z,"66 km NW of Tobelo, Indonesia",earthquake,,,,1,reviewed,us,us
2007-06-24T17:57:28.910Z,1.831,127.367,35,3.8,mb,9,177.8,,0.64,us,usp000ferc,2014-11-07T01:32:45.617Z,"72 km W of Tobelo, Indonesia",earthquake,,,,2,reviewed,us,us
2007-05-30T21:42:40.050Z,1.841,127.452,10,4,mb,7,193.8,,0.55,us,usp000fd2b,2014-11-07T01:32:33.847Z,"63 km WNW of Tobelo, Indonesia",earthquake,,,,1,reviewed,us,us
2007-05-26T09:25:39.760Z,1.967,127.81,10,4.3,mb,11,192.3,,0.91,us,usp000fcsp,2014-11-07T01:32:32.020Z,"34 km NW of Tobelo, Indonesia",earthquake,,,,5,reviewed,us,us
2007-05-09T05:42:26.290Z,1.502,127.828,66.9,4.9,mwc,54,114.3,,0.92,us,usp000fbjz,2016-11-10T01:39:55.225Z,"32 km SW of Tobelo, Indonesia",earthquake,,10,,,reviewed,us,gcmt
2007-04-22T00:04:00.910Z,1.181,127.777,35,4.6,mb,14,150.8,,0.57,us,usp000fa9z,2014-11-07T01:32:15.143Z,"54 km NNE of Sofifi, Indonesia",earthquake,,,,3,reviewed,us,us
2007-02-27T23:02:34.140Z,1.532,127.45,150.7,4.6,mb,57,70.8,,0.88,us,usp000f5t3,2014-11-07T01:31:43.056Z,"65 km WSW of Tobelo, Indonesia",earthquake,,,,23,reviewed,us,us
2007-02-19T17:12:17.830Z,1.785,127.443,86.4,4,mb,10,177.9,,0.2,us,usp000f560,2014-11-07T01:31:39.990Z,"63 km W of Tobelo, Indonesia",earthquake,,48.3,,2,reviewed,us,us
2007-01-26T03:11:09.980Z,1.607,127.421,35,4.3,mb,11,177.7,,0.77,us,usp000f3me,2014-11-07T01:31:27.527Z,"66 km WSW of Tobelo, Indonesia",earthquake,,,,1,reviewed,us,us
2006-12-07T18:30:23.100Z,1.243,127.733,215.3,4.7,mb,21,145.2,,0.67,us,usp000ezr7,2014-11-07T01:31:05.894Z,"59 km NNE of Sofifi, Indonesia",earthquake,,20.7,,7,reviewed,us,us
2006-12-07T00:21:53.580Z,2.219,127.78,35,4.3,mb,23,94.9,,0.61,us,usp000ezpp,2014-11-07T01:31:05.711Z,"59 km NNW of Tobelo, Indonesia",earthquake,,,,11,reviewed,us,us
2006-11-25T08:15:22.990Z,1.491,127.722,190.4,4.5,mb,20,108.8,,0.73,us,usp000eyst,2014-11-07T01:30:56.856Z,"41 km SW of Tobelo, Indonesia",earthquake,,11.3,,7,reviewed,us,us
2006-11-17T22:09:11.310Z,1.596,127.511,134.4,4.5,mb,30,104.9,,0.9,us,usp000ey24,2014-11-07T01:30:53.144Z,"Halmahera, Indonesia",earthquake,,16.2,,8,reviewed,us,us
2006-10-18T12:10:01.760Z,1.76,127.528,129.7,4.9,mb,70,68.8,,0.88,us,usp000evf4,2014-11-07T01:30:35.391Z,"53 km W of Tobelo, Indonesia",earthquake,,,,34,reviewed,us,us
2006-09-22T09:44:28.340Z,1.926,127.524,139.7,4.4,mb,13,144.7,,0.81,us,usp000etjt,2014-11-07T01:30:15.800Z,"58 km WNW of Tobelo, Indonesia",earthquake,,31.9,,3,reviewed,us,us
2006-09-16T11:19:22.080Z,1.976,128.147,64.4,4.4,mb,12,150.7,,0.88,us,usp000et6b,2014-11-07T01:30:13.964Z,"31 km NNE of Tobelo, Indonesia",earthquake,,56.3,,3,reviewed,us,us
2006-08-15T06:55:45.400Z,1.857,128.325,101,4.6,mb,14,146.8,,0.88,us,usp000eqzj,2014-11-07T01:29:58.213Z,"37 km ENE of Tobelo, Indonesia",earthquake,,,,3,reviewed,us,us
2006-08-03T04:03:44.760Z,1.769,127.482,128,4.7,mb,40,125.8,,0.78,us,usp000eq50,2014-11-07T01:29:53.481Z,"58 km W of Tobelo, Indonesia",earthquake,,19.7,,19,reviewed,us,us
2006-07-31T02:48:23.950Z,1.639,128.287,35,3.9,mb,7,184,,0.44,us,usp000epxz,2014-11-07T01:29:49.096Z,"32 km ESE of Tobelo, Indonesia",earthquake,,,,1,reviewed,us,us
2006-07-24T22:35:08.800Z,2.006,128.282,35,4.1,mb,6,174.7,,0.52,us,usp000epgy,2014-11-07T01:29:45.715Z,"43 km NE of Tobelo, Indonesia",earthquake,,,,2,reviewed,us,us
2006-07-21T22:09:46.260Z,1.796,127.789,228.6,4.3,mb,19,145.4,,0.66,us,usp000ep98,2014-11-07T01:29:43.919Z,"25 km WNW of Tobelo, Indonesia",earthquake,,30.2,,5,reviewed,us,us
2006-07-18T08:00:57.210Z,1.622,127.368,198.4,4.5,mb,13,193.5,,0.81,us,usp000enz8,2014-11-07T01:29:42.623Z,"72 km W of Tobelo, Indonesia",earthquake,,33.8,,6,reviewed,us,us
2006-07-14T10:09:17.480Z,1.569,127.454,119.4,3.9,mb,13,144.5,,0.5,us,usp000enkb,2014-11-07T01:29:38.746Z,"64 km WSW of Tobelo, Indonesia",earthquake,,55.9,,3,reviewed,us,us
2006-07-06T22:20:45.910Z,1.903,127.806,35,4.1,mb,11,192.3,,0.85,us,usp000en18,2014-11-07T01:29:36.160Z,"29 km NW of Tobelo, Indonesia",earthquake,,,,2,reviewed,us,us
2006-06-29T02:59:55.890Z,1.644,127.339,121.3,4.7,mb,23,163.9,,0.87,us,usp000emhn,2014-11-07T01:29:29.968Z,"Halmahera, Indonesia",earthquake,,23.2,,11,reviewed,us,us
2006-06-23T14:13:37.950Z,1.478,127.606,200.7,3.9,mb,13,177.5,,0.61,us,usp000em33,2014-11-07T01:29:26.663Z,"52 km WSW of Tobelo, Indonesia",earthquake,,53.1,,3,reviewed,us,us
2006-06-03T20:49:34.490Z,1.94,128.042,245.7,4.2,mb,11,194.9,,0.58,us,usp000ejn2,2014-11-07T01:29:18.931Z,"23 km N of Tobelo, Indonesia",earthquake,,70.2,,4,reviewed,us,us
2006-06-01T05:46:42.590Z,1.309,128.168,119.9,4.9,mb,70,70.2,,0.89,us,usp000eje8,2014-11-07T01:29:15.891Z,"49 km SSE of Tobelo, Indonesia",earthquake,,12.6,,24,reviewed,us,us
2006-05-09T14:14:24.780Z,1.594,127.347,102.5,4.5,mb,28,130.1,,0.81,us,usp000egp3,2014-11-07T01:29:04.879Z,"75 km WSW of Tobelo, Indonesia",earthquake,,15.7,,12,reviewed,us,us
2006-05-07T14:46:46.320Z,1.809,127.388,112.2,4.5,mb,22,146.2,,0.76,us,usp000eggp,2014-11-07T01:29:04.131Z,"69 km W of Tobelo, Indonesia",earthquake,,17.3,,9,reviewed,us,us
2006-04-03T03:40:58.940Z,1.312,127.932,30,4.6,mb,11,178.6,,0.84,us,usp000edk7,2014-11-07T01:28:42.676Z,"46 km S of Tobelo, Indonesia",earthquake,,,,4,reviewed,us,us
2006-03-28T10:46:54.750Z,1.803,127.552,30,4.5,mb,13,178.2,,1.13,us,usp000ed48,2014-11-07T01:28:36.358Z,"51 km W of Tobelo, Indonesia",earthquake,,,,5,reviewed,us,us
2006-03-17T16:10:57.830Z,1.769,127.373,142.3,4.1,mb,15,177.2,,0.8,us,usp000ecby,2014-11-07T01:28:32.376Z,"70 km W of Tobelo, Indonesia",earthquake,,41.7,,8,reviewed,us,us
2006-03-10T14:28:57.680Z,1.503,127.434,201.9,4.3,mb,30,157.9,,0.59,us,usp000ebwf,2014-11-07T01:28:30.504Z,"68 km WSW of Tobelo, Indonesia",earthquake,,18.7,,14,reviewed,us,us
2006-03-07T13:42:52.550Z,2.222,127.732,55.2,4.6,mb,31,134.5,,0.76,us,usp000ebm1,2014-11-07T01:28:29.256Z,"62 km NNW of Tobelo, Indonesia",earthquake,,14,,16,reviewed,us,us
2006-01-12T11:34:26.990Z,1.649,127.65,45.7,4.4,mb,11,177.7,,0.91,us,usp000e83a,2014-11-07T01:28:05.930Z,"40 km WSW of Tobelo, Indonesia",earthquake,,,,5,reviewed,us,us
2005-12-22T13:26:33.740Z,1.954,127.571,81.9,4.4,mb,16,145.3,,0.73,us,usp000e6mb,2014-11-07T01:27:55.757Z,"54 km WNW of Tobelo, Indonesia",earthquake,,48.2,,10,reviewed,us,us
2005-12-16T14:35:30.810Z,2.029,128.106,20,4.6,mb,23,146.3,,0.79,us,usp000e68n,2014-11-07T01:27:54.354Z,"34 km NNE of Tobelo, Indonesia",earthquake,,0,,11,reviewed,us,us
2005-10-31T00:47:35.400Z,1.622,127.863,199.4,4.8,mb,46,106.1,,0.69,us,usp000e367,2014-11-07T01:27:30.616Z,"20 km SW of Tobelo, Indonesia",earthquake,,17.5,,26,reviewed,us,us
2005-08-18T21:13:23.690Z,1.595,127.347,91.4,4.8,mb,18,143.6,,0.65,us,usp000dxm1,2014-11-07T01:26:50.131Z,"75 km WSW of Tobelo, Indonesia",earthquake,,34,,6,reviewed,us,us
2005-07-29T06:14:08.520Z,1.795,128.123,100,4.2,mb,11,179.3,,0.49,us,usp000dw68,2014-11-07T01:26:35.406Z,"14 km ENE of Tobelo, Indonesia",earthquake,,,,4,reviewed,us,us
2005-07-13T20:42:06.500Z,1.838,128.026,180.3,4.4,mb,15,179.2,,0.45,us,usp000dv52,2014-11-07T01:26:29.191Z,"12 km N of Tobelo, Indonesia",earthquake,,27,,6,reviewed,us,us
2005-07-09T15:18:19.490Z,1.622,127.388,105.5,4.7,mwc,47,69.3,,0.86,us,usp000duvc,2016-11-10T01:08:21.391Z,"70 km W of Tobelo, Indonesia",earthquake,,13.1,,,reviewed,us,hrv
2005-07-09T01:47:39.130Z,1.689,127.544,112.1,4.8,mwc,48,94.4,,0.91,us,usp000dutu,2016-11-10T01:08:17.601Z,"51 km W of Tobelo, Indonesia",earthquake,,,,,reviewed,us,hrv
2005-05-03T16:39:59.760Z,1.756,127.502,84.1,4.5,mb,17,191.5,,0.56,us,usp000dpv2,2014-11-07T01:25:48.597Z,"56 km W of Tobelo, Indonesia",earthquake,,21.6,,6,reviewed,us,us
2005-04-24T04:10:05.580Z,1.498,128.347,107.4,4.3,mb,18,135.1,,0.86,us,usp000dp3n,2014-11-07T01:25:40.200Z,"45 km SE of Tobelo, Indonesia",earthquake,,36.9,,3,reviewed,us,us
2005-04-15T16:15:03.310Z,1.738,127.63,249.6,4.5,mb,10,217.1,,0.66,us,usp000dne4,2014-11-07T01:25:36.227Z,"42 km W of Tobelo, Indonesia",earthquake,,52.9,,3,reviewed,us,us
2005-04-12T14:45:37.410Z,1.775,127.558,91.5,4.7,mb,22,144.8,,0.57,us,usp000dn5x,2014-11-07T01:25:34.425Z,"50 km W of Tobelo, Indonesia",earthquake,,22,,9,reviewed,us,us
2005-04-09T21:28:06.440Z,2.222,127.732,30,4.2,mb,11,139.5,,0.85,us,usp000dmrz,2014-11-07T01:25:31.804Z,"62 km NNW of Tobelo, Indonesia",earthquake,,,,3,reviewed,us,us
2005-04-08T16:13:20.380Z,1.956,127.409,75,3.8,mb,12,178,,0.56,us,usp000dmmy,2014-11-07T01:25:31.360Z,"71 km WNW of Tobelo, Indonesia",earthquake,,,,4,reviewed,us,us
2005-03-29T21:04:38.180Z,1.679,127.863,218,4.6,mb,54,106.2,,0.9,us,usp000dkjy,2014-11-07T01:25:21.531Z,"17 km WSW of Tobelo, Indonesia",earthquake,,15,,29,reviewed,us,us
2005-02-24T01:51:30.040Z,1.809,127.518,108.7,4.7,mb,28,144.7,,0.59,us,usp000dgur,2014-11-07T01:25:03.095Z,"55 km W of Tobelo, Indonesia",earthquake,,22.9,,13,reviewed,us,us
2004-12-21T19:46:43.720Z,1.634,127.389,135.5,5.3,mwc,88,48.3,,0.91,us,usp000db5x,2016-11-10T00:55:38.309Z,"69 km W of Tobelo, Indonesia",earthquake,,7.7,,,reviewed,us,hrv
2004-11-02T19:18:28.700Z,1.915,128.184,152.7,4.5,mb,15,179.6,,0.74,us,usp000d7j9,2014-11-07T01:23:54.910Z,"28 km NE of Tobelo, Indonesia",earthquake,,51.8,,5,reviewed,us,us
2004-10-03T11:19:00.060Z,1.79,128.133,140,4.1,mb,19,125.9,,0.63,us,usp000d5p9,2014-11-07T01:23:41.401Z,"15 km ENE of Tobelo, Indonesia",earthquake,,,,6,reviewed,us,us
2004-08-27T04:40:54.900Z,1.89,127.775,101.8,4.6,mb,26,119.5,,0.82,us,usp000d2y1,2014-11-07T01:23:16.170Z,"31 km NW of Tobelo, Indonesia",earthquake,,27,,11,reviewed,us,us
2004-08-19T15:01:56.670Z,1.79,127.476,118.1,4.3,mb,27,115.3,,0.96,us,usp000d2fa,2014-11-07T01:23:14.176Z,"59 km W of Tobelo, Indonesia",earthquake,,26.1,,16,reviewed,us,us
2004-08-08T20:06:26.220Z,1.81,127.624,157.4,4.3,mb,15,178.3,,0.75,us,usp000d1sk,2014-11-07T01:23:10.335Z,"43 km WNW of Tobelo, Indonesia",earthquake,,35.7,,6,reviewed,us,us
2004-04-21T09:32:26.990Z,1.695,127.371,110.4,4.4,mb,16,157.3,,0.47,us,usp000ct1j,2014-11-07T01:22:03.871Z,"71 km W of Tobelo, Indonesia",earthquake,,33.8,,3,reviewed,us,us
2004-02-06T12:01:09.420Z,1.958,127.66,69.9,4.5,mb,19,127.1,,1.29,us,usp000ckj3,2014-11-07T01:21:18.581Z,"46 km WNW of Tobelo, Indonesia",earthquake,,64,,7,reviewed,us,us
2003-11-22T04:17:45.690Z,1.809,127.645,33,4.4,mb,6,154.7,,1.35,us,usp000cdmz,2014-11-07T01:20:32.512Z,"41 km WNW of Tobelo, Indonesia",earthquake,,,,3,reviewed,us,us
2003-11-21T12:39:32.390Z,1.485,128.317,77.5,4.8,mb,44,106.4,,0.85,us,usp000cdk3,2014-11-07T01:20:32.241Z,"43 km SE of Tobelo, Indonesia",earthquake,,,,24,reviewed,us,us
2003-11-09T19:23:28.610Z,1.562,127.358,133.9,5.8,mwb,172,43.8,,0.76,us,usp000ccfw,2020-09-18T19:41:39.203Z,"74 km WSW of Tobelo, Indonesia",earthquake,,,,,reviewed,us,us
2003-11-03T09:16:52.240Z,1.648,127.95,33,4.4,mb,13,134.9,,0.77,us,usp000cbz3,2014-11-07T01:20:23.809Z,"11 km SW of Tobelo, Indonesia",earthquake,,,,3,reviewed,us,us
2003-10-05T17:51:59.500Z,1.945,128.196,100,4.5,mb,19,167.2,,1.23,us,usp000c9pv,2014-11-07T01:20:08.743Z,"31 km NE of Tobelo, Indonesia",earthquake,,,,8,reviewed,us,us
2003-09-29T23:17:52.890Z,1.533,127.408,131.4,4.8,mb,29,111,,0.78,us,usp000c93c,2014-11-07T01:19:59.786Z,"70 km WSW of Tobelo, Indonesia",earthquake,,12.7,,11,reviewed,us,us
2003-09-21T05:53:41.840Z,1.614,127.499,33,4.1,mb,8,193.7,,1.21,us,usp000c85j,2014-11-07T01:19:53.562Z,"58 km WSW of Tobelo, Indonesia",earthquake,,,,1,reviewed,us,us
2003-09-11T20:16:59.690Z,2.143,128.001,200,4.4,mb,16,161.9,,1.2,us,usp000c79k,2014-11-07T01:19:48.046Z,"45 km N of Tobelo, Indonesia",earthquake,,,,6,reviewed,us,us
2003-08-05T12:48:49.250Z,1.496,127.382,33,4.5,mb,9,179.2,,0.82,us,usp000c46c,2014-11-07T01:19:27.891Z,"74 km WSW of Tobelo, Indonesia",earthquake,,,,3,reviewed,us,us
2003-05-27T13:59:39.150Z,2.032,127.618,33,4.5,mb,8,159.4,,0.45,us,usp000bya3,2014-11-07T01:18:43.557Z,"54 km NW of Tobelo, Indonesia",earthquake,,,,2,reviewed,us,us
2003-03-30T17:04:54.190Z,1.841,127.944,33,4.6,mb,11,159.1,,1.34,us,usp000bty1,2014-11-07T01:18:10.598Z,"14 km NNW of Tobelo, Indonesia",earthquake,,,,2,reviewed,us,us
2003-01-09T08:37:55.550Z,1.698,127.352,108.8,4.7,mb,36,,,0.88,us,usp000bna3,2014-11-07T01:17:33.949Z,"73 km W of Tobelo, Indonesia",earthquake,,22.2,,19,reviewed,us,us
2002-11-11T16:39:51.610Z,1.512,127.383,122.2,4.7,mb,19,,,0.86,us,usp000bher,2014-11-07T01:17:06.696Z,"73 km WSW of Tobelo, Indonesia",earthquake,,11.6,,7,reviewed,us,us
2002-11-10T00:29:08.400Z,2.039,128.112,116.3,4.3,mb,15,,,1.15,us,usp000bh8g,2014-11-07T01:17:05.930Z,"36 km NNE of Tobelo, Indonesia",earthquake,,16.8,,4,reviewed,us,us
2002-08-08T04:13:36.560Z,1.605,127.492,114.1,5.1,mwc,56,,,0.97,us,usp000b9gp,2016-11-09T04:35:25.813Z,"59 km WSW of Tobelo, Indonesia",earthquake,,12.7,,,reviewed,us,hrv
2002-03-23T05:15:51.390Z,1.395,128.109,115.3,5.7,mwc,148,,,0.95,us,usp000b0w6,2020-09-18T18:47:19.140Z,"38 km SSE of Tobelo, Indonesia",earthquake,,,,,reviewed,us,hrv
2001-10-15T18:29:24.860Z,1.551,127.682,33,4.6,mb,23,,,0.94,us,usp000aqzy,2014-11-07T01:14:00.002Z,"41 km WSW of Tobelo, Indonesia",earthquake,,,,6,reviewed,us,us
2001-10-15T14:36:59.100Z,1.517,127.722,33,4,mb,13,,,1.24,us,usp000aqzg,2014-11-07T01:13:59.949Z,"39 km SW of Tobelo, Indonesia",earthquake,,,,3,reviewed,us,us
2001-09-24T17:15:39.720Z,1.959,128.216,128.6,4.7,mb,42,,,1,us,usp000apqg,2014-11-07T01:13:50.398Z,"34 km NE of Tobelo, Indonesia",earthquake,,,,13,reviewed,us,us
2001-09-18T19:28:08.520Z,1.637,127.998,33,4.8,mb,13,,,0.91,us,usp000ape7,2014-11-07T01:13:49.129Z,"10 km S of Tobelo, Indonesia",earthquake,,,,4,reviewed,us,us
2001-08-16T08:52:46.360Z,1.969,128.299,131.9,5.2,mb,52,,,0.98,us,usp000amje,2014-11-07T01:13:34.042Z,"41 km NE of Tobelo, Indonesia",earthquake,,,,19,reviewed,us,us
2001-07-07T17:56:41.180Z,1.903,127.406,33,4.4,mb,10,,,0.94,us,usp000aj5q,2014-11-07T01:13:15.723Z,"69 km WNW of Tobelo, Indonesia",earthquake,,,,2,reviewed,us,us
2001-03-27T10:17:40.870Z,1.942,128.174,33,4.8,mb,40,,,1.1,us,usp000ac39,2014-11-07T01:12:26.103Z,"29 km NE of Tobelo, Indonesia",earthquake,,,,18,reviewed,us,us
2001-03-01T15:38:44.390Z,1.68,127.574,33,4.1,mb,9,,,0.85,us,usp000aapv,2014-11-07T01:12:16.213Z,"48 km W of Tobelo, Indonesia",earthquake,,,,1,reviewed,us,us
2001-02-14T11:38:25.050Z,1.735,127.434,163.1,4.7,mb,44,,,1.09,us,usp000a9mm,2014-11-07T01:12:08.507Z,"64 km W of Tobelo, Indonesia",earthquake,,,,15,reviewed,us,us
2001-02-06T07:01:29.410Z,1.417,127.41,33,4.4,mb,7,,,1.06,us,usp000a95b,2014-11-07T01:12:05.932Z,"69 km N of Ternate, Indonesia",earthquake,,,,3,reviewed,us,us
2001-02-06T04:54:11.460Z,1.496,127.814,33,4.8,mb,13,,,1.2,us,usp000a953,2014-11-07T01:12:05.916Z,"33 km SW of Tobelo, Indonesia",earthquake,,,,3,reviewed,us,us
2001-02-06T00:30:42.560Z,1.402,127.828,33,4.7,mb,9,,,1.36,us,usp000a94t,2014-11-07T01:12:05.883Z,"41 km SSW of Tobelo, Indonesia",earthquake,,,,2,reviewed,us,us
2001-02-05T21:26:18.580Z,1.624,127.826,33,4.7,mb,15,,,0.91,us,usp000a94p,2014-11-07T01:12:05.873Z,"23 km WSW of Tobelo, Indonesia",earthquake,,,,6,reviewed,us,us
2001-02-05T20:55:48.640Z,1.652,127.854,33,4.8,mb,20,,,0.89,us,usp000a94k,2014-11-07T01:12:05.865Z,"19 km WSW of Tobelo, Indonesia",earthquake,,,,10,reviewed,us,us
2001-02-05T20:54:12.200Z,1.643,127.852,33,5.2,mb,36,,,1.21,us,usp000a94j,2014-11-07T01:12:05.857Z,"19 km WSW of Tobelo, Indonesia",earthquake,,,,15,reviewed,us,us
2001-01-09T20:55:25.800Z,1.647,127.385,33,4.6,mb,11,,,1.22,us,usp000a7db,2014-11-07T01:11:54.105Z,"70 km W of Tobelo, Indonesia",earthquake,,,,2,reviewed,us,us
2000-12-13T09:16:41.620Z,1.603,128.312,68.2,4.6,mb,15,,,0.61,us,usp000a605,2014-11-07T01:11:43.685Z,"36 km ESE of Tobelo, Indonesia",earthquake,,,,4,reviewed,us,us
2000-10-05T10:55:01.340Z,1.492,127.94,33,4.6,mb,7,,,0.94,us,usp000a1a1,2014-11-07T01:11:13.975Z,"27 km SSW of Tobelo, Indonesia",earthquake,,,,1,reviewed,us,us
2000-10-05T10:44:14.140Z,1.599,127.8,33,5.3,mwc,41,,,1.23,us,usp000a1a0,2016-11-09T23:38:46.796Z,"27 km WSW of Tobelo, Indonesia",earthquake,,,,,reviewed,us,hrv
2000-10-05T10:40:08.010Z,1.56,127.871,33,4.8,mb,15,,,1.07,us,usp000a19z,2014-11-07T01:11:13.945Z,"24 km SW of Tobelo, Indonesia",earthquake,,,,7,reviewed,us,us
2000-08-29T11:56:58.140Z,1.562,127.897,33,4.2,mb,8,,,1.3,us,usp0009zbj,2014-11-07T01:10:56.285Z,"22 km SW of Tobelo, Indonesia",earthquake,,,,3,reviewed,us,us
2000-08-29T10:18:21.950Z,1.808,127.358,87.4,4.9,mb,13,,,0.89,us,usp0009zbf,2014-11-07T01:10:56.281Z,"73 km W of Tobelo, Indonesia",earthquake,,17.3,,3,reviewed,us,us
2000-06-13T22:29:51.900Z,1.238,127.837,127.2,4.6,mb,18,,,1.28,us,usp0009uhp,2014-11-07T01:10:22.217Z,"57 km SSW of Tobelo, Indonesia",earthquake,,13.8,,6,reviewed,us,us
2000-04-15T18:09:32.730Z,1.669,127.497,100,4.8,mb,,,,1.3,us,usp0009rb7,2014-11-07T01:09:54.119Z,"57 km W of Tobelo, Indonesia",earthquake,,,,8,reviewed,us,us
2000-03-27T18:57:55.240Z,1.604,127.352,132.7,4.5,mb,,,,0.68,us,usp0009q9s,2014-11-07T01:09:45.321Z,"74 km W of Tobelo, Indonesia",earthquake,,7.6,,15,reviewed,us,us
1999-12-28T16:51:24.500Z,1.674,128.288,65.5,5.7,mwc,,,,1.02,us,usp0009kdb,2020-09-15T21:11:13.874Z,"31 km E of Tobelo, Indonesia",earthquake,,,,,reviewed,us,hrv
1999-11-20T04:05:13.000Z,1.589,128.29,79.5,5.2,mwc,,,,1.11,us,usp0009hvn,2016-11-10T00:00:44.399Z,"34 km ESE of Tobelo, Indonesia",earthquake,,,,,reviewed,us,hrv
1999-10-30T03:03:05.800Z,2.114,127.995,33,4.6,mb,,,,1.25,us,usp0009gt3,2014-11-07T01:08:47.201Z,"42 km N of Tobelo, Indonesia",earthquake,,,,2,reviewed,us,us
1999-10-15T04:00:33.900Z,1.959,127.413,84.9,4.4,mb,,,,1.04,us,usp0009fue,2014-11-07T01:08:41.861Z,"71 km WNW of Tobelo, Indonesia",earthquake,,15.8,,1,reviewed,us,us
1999-07-21T03:56:51.940Z,1.689,127.332,100,4.5,mb,,,,0.76,us,usp0009bwu,2014-11-07T01:08:07.389Z,"75 km W of Tobelo, Indonesia",earthquake,,,,6,reviewed,us,us
1999-05-03T13:36:02.040Z,1.233,127.626,211.4,4.8,mb,,,,1.01,us,usp000979n,2014-11-07T01:07:36.856Z,"55 km N of Sofifi, Indonesia",earthquake,,17.5,,20,reviewed,us,us
1999-04-18T10:54:11.810Z,1.767,127.574,33,4.4,mb,,,,0.73,us,usp00096h4,2014-11-07T01:07:29.003Z,"48 km W of Tobelo, Indonesia",earthquake,,,,1,reviewed,us,us
1999-02-05T05:11:32.800Z,1.462,128.184,99,4.5,mb,,,,0.87,us,usp000929s,2014-11-07T01:06:58.796Z,"35 km SSE of Tobelo, Indonesia",earthquake,,,,7,reviewed,us,us
1999-01-18T04:11:27.790Z,1.575,127.627,226.9,5.1,mb,,,,1.05,us,usp000918s,2014-11-07T01:06:49.617Z,"45 km WSW of Tobelo, Indonesia",earthquake,,7.3,,28,reviewed,us,us
1999-01-10T00:41:01.810Z,1.689,127.874,33,4.9,mb,,,,1.09,us,usp00090w0,2014-11-07T01:06:48.193Z,"15 km WSW of Tobelo, Indonesia",earthquake,,,,11,reviewed,us,us
1998-12-31T19:24:49.700Z,1.634,127.444,110.6,4.8,mb,,,,1.1,us,usp00090ea,2014-11-07T01:06:42.898Z,"63 km W of Tobelo, Indonesia",earthquake,,,,17,reviewed,us,us
1998-12-20T20:39:05.520Z,1.686,127.496,159.4,4.7,mb,,,,1.08,us,usp0008zy5,2014-11-07T01:06:40.991Z,"57 km W of Tobelo, Indonesia",earthquake,,31.2,,13,reviewed,us,us
1998-11-12T09:11:44.890Z,1.669,127.39,163.8,5,mb,,,,1.11,us,usp0008y2j,2014-11-07T01:06:26.582Z,"69 km W of Tobelo, Indonesia",earthquake,,,,39,reviewed,us,us
1998-11-01T13:38:05.150Z,1.385,128.235,87.1,4.7,mb,,,,0.96,us,usp0008xe4,2014-11-07T01:06:21.221Z,"45 km SSE of Tobelo, Indonesia",earthquake,,,,10,reviewed,us,us
1998-10-28T19:57:34.110Z,1.823,127.486,33,4.3,mb,,,,1.18,us,usp0008x6y,2014-11-07T01:06:18.326Z,"59 km W of Tobelo, Indonesia",earthquake,,,,5,reviewed,us,us
1998-05-18T23:21:58.920Z,1.538,127.919,33,4.4,mb,,,,1.04,us,usp0008nbz,2014-11-07T01:05:14.279Z,"23 km SSW of Tobelo, Indonesia",earthquake,,,,5,reviewed,us,us
1998-05-03T16:53:20.470Z,1.691,127.348,100,3.9,mb,,,,0.7,us,usp0008md0,2014-11-07T01:05:09.656Z,"73 km W of Tobelo, Indonesia",earthquake,,,,2,reviewed,us,us
1998-05-03T07:17:53.320Z,2.125,128.104,33,4.4,mb,,,,0.99,us,usp0008mc6,2014-11-07T01:05:09.467Z,"45 km NNE of Tobelo, Indonesia",earthquake,,,,3,reviewed,us,us
1998-05-03T02:19:47.770Z,2.066,127.911,33,4.6,mb,,,,1.16,us,usp0008mbt,2014-11-07T01:05:09.393Z,"38 km NNW of Tobelo, Indonesia",earthquake,,,,7,reviewed,us,us
1998-04-16T00:32:03.000Z,1.271,128.06,150,4.1,mb,,,,1.08,us,usp0008kbj,2014-11-07T01:05:00.121Z,"50 km S of Tobelo, Indonesia",earthquake,,,,6,reviewed,us,us
1998-04-11T23:49:59.420Z,1.398,127.803,33,4.3,mb,,,,1.19,us,usp0008jwn,2014-11-07T01:04:58.539Z,"43 km SSW of Tobelo, Indonesia",earthquake,,,,2,reviewed,us,us
1998-02-07T00:12:05.240Z,2.1,128.108,200,3.8,mb,,,,0.85,us,usp0008fk8,2014-11-07T01:04:30.366Z,"42 km NNE of Tobelo, Indonesia",earthquake,,,,2,reviewed,us,us
1998-01-27T16:38:41.000Z,1.66,127.383,33,4,mb,,,,1.35,us,usp0008f23,2014-11-07T01:04:23.311Z,"70 km W of Tobelo, Indonesia",earthquake,,,,2,reviewed,us,us
1998-01-18T22:34:01.500Z,2.029,128.097,200,4.3,mb,,,,0.75,us,usp0008em3,2014-11-07T01:04:21.159Z,"34 km NNE of Tobelo, Indonesia",earthquake,,,,4,reviewed,us,us
1998-01-18T07:01:44.950Z,1.727,127.599,100,4.8,mb,,,,1.19,us,usp0008ejq,2014-11-07T01:04:21.045Z,"45 km W of Tobelo, Indonesia",earthquake,,,,9,reviewed,us,us
1997-11-25T03:21:38.140Z,1.702,127.422,100,4.4,mb,,,,0.83,us,usp0008b9u,2014-11-07T01:03:57.203Z,"65 km W of Tobelo, Indonesia",earthquake,,,,3,reviewed,us,us
1997-05-28T08:36:02.110Z,1.712,127.331,134.9,4.2,mb,,,,1.18,us,usp00082x6,2014-11-07T01:02:49.703Z,"75 km W of Tobelo, Indonesia",earthquake,,19.6,,1,reviewed,us,us
1997-05-11T15:40:05.030Z,1.895,127.427,100,4.6,mb,,,,1,us,usp0008245,2014-11-07T01:02:46.018Z,"67 km WNW of Tobelo, Indonesia",earthquake,,,,3,reviewed,us,us
1997-04-06T11:32:05.420Z,1.702,128.399,33,3.7,mb,,,,1.03,us,usp000801v,2014-11-07T01:02:30.834Z,"43 km E of Tobelo, Indonesia",earthquake,,,,2,reviewed,us,us
1997-03-30T09:12:19.590Z,2.067,127.58,33,4.3,mb,,,,1.05,us,usp0007zqe,2014-11-07T01:02:24.322Z,"60 km NW of Tobelo, Indonesia",earthquake,,,,5,reviewed,us,us
1997-03-28T15:27:49.130Z,2.009,128.059,150,4,mb,,,,1.08,us,usp0007zmy,2014-11-07T01:02:23.818Z,"31 km N of Tobelo, Indonesia",earthquake,,,,2,reviewed,us,us
1997-03-06T02:43:09.980Z,2.08,127.977,33,4.2,mb,,,,1.36,us,usp0007yc1,2014-11-07T01:02:18.035Z,"39 km N of Tobelo, Indonesia",earthquake,,,,2,reviewed,us,us
1997-03-06T02:34:19.110Z,1.885,127.707,33,5.4,mwc,,,,1.11,us,usp0007yc0,2016-11-09T22:01:32.399Z,"37 km WNW of Tobelo, Indonesia",earthquake,,,,,reviewed,us,hrv
1997-03-03T08:31:26.090Z,1.893,128.154,33,4.5,mb,,,,0.95,us,usp0007y6g,2014-11-07T01:02:16.306Z,"24 km NE of Tobelo, Indonesia",earthquake,,,,2,reviewed,us,us
1997-02-28T09:35:17.120Z,1.9,128.358,100,4.3,mb,,,,1.09,us,usp0007xzw,2014-11-07T01:02:12.089Z,"43 km ENE of Tobelo, Indonesia",earthquake,,,,4,reviewed,us,us
1996-12-22T03:50:39.590Z,1.994,127.509,33,4.3,mb,,,,0.92,us,usp0007utp,2014-11-07T01:01:48.762Z,"62 km WNW of Tobelo, Indonesia",earthquake,,,,4,reviewed,us,us
1996-12-21T12:45:48.710Z,1.857,127.554,150,4.7,mb,,,,0.84,us,usp0007use,2014-11-07T01:01:48.664Z,"52 km WNW of Tobelo, Indonesia",earthquake,,,,2,reviewed,us,us
1996-10-23T20:39:11.360Z,1.683,127.89,100,4.2,mb,,,,0.79,us,usp0007rut,2014-11-07T01:01:24.827Z,"14 km WSW of Tobelo, Indonesia",earthquake,,,,3,reviewed,us,us
1996-10-13T00:51:45.080Z,1.647,127.864,33,4.3,mb,,,,0.93,us,usp0007rb5,2014-11-07T01:01:22.407Z,"18 km WSW of Tobelo, Indonesia",earthquake,,,,5,reviewed,us,us
1996-09-09T20:04:43.230Z,2.053,128.089,33,3.8,mb,,,,0.58,us,usp0007prh,2014-11-07T01:01:09.307Z,"36 km NNE of Tobelo, Indonesia",earthquake,,,,2,reviewed,us,us
1996-07-22T02:20:35.990Z,1.807,127.421,33,4.1,mb,,,,0.9,us,usp0007mcs,2014-11-07T01:00:49.143Z,"66 km W of Tobelo, Indonesia",earthquake,,,,8,reviewed,us,us
1996-07-11T19:22:40.430Z,1.9,127.599,33,4.2,mb,,,,0.7,us,usp0007kyp,2014-11-07T01:00:47.419Z,"49 km WNW of Tobelo, Indonesia",earthquake,,,,5,reviewed,us,us
1996-05-04T12:13:24.970Z,1.831,127.407,33,4.3,mb,,,,1.3,us,usp0007gz1,2014-11-07T01:00:25.343Z,"67 km W of Tobelo, Indonesia",earthquake,,,,6,reviewed,us,us
1996-02-18T00:52:45.790Z,1.839,127.467,100,5.2,mb,,,,1,us,usp0007d8j,2014-11-07T00:59:54.989Z,"61 km WNW of Tobelo, Indonesia",earthquake,,,,47,reviewed,us,us
1996-01-30T08:17:16.270Z,1.455,128.348,33,4.9,mb,,,,1,us,usp0007bzs,2014-11-07T00:59:44.708Z,"48 km SE of Tobelo, Indonesia",earthquake,,,,19,reviewed,us,us
1995-12-10T09:54:17.800Z,1.632,127.496,150,4.4,mb,,,,0.7,us,usp00078qv,2014-11-07T00:59:24.962Z,"58 km W of Tobelo, Indonesia",earthquake,,,,9,reviewed,us,us
1995-12-06T04:51:24.820Z,1.897,127.555,124.9,5.1,mb,,,,0.9,us,usp00078d9,2014-11-07T00:59:23.077Z,"53 km WNW of Tobelo, Indonesia",earthquake,,11.1,,18,reviewed,us,us
1995-10-08T08:17:02.280Z,1.821,128.256,59.4,4.9,mb,,,,1.3,us,usp00074t4,2014-11-07T00:58:55.132Z,"29 km ENE of Tobelo, Indonesia",earthquake,,18.8,,30,reviewed,us,us
1995-10-04T01:31:08.230Z,1.909,127.417,114.6,5.6,mw,,,,1.1,us,usp00074ey,2020-09-15T18:19:06.128Z,"Halmahera, Indonesia",earthquake,,,,,reviewed,us,hrv
1995-08-24T10:29:43.590Z,2.094,128.086,33,3.9,mb,,,,1.2,us,usp00072bu,2014-11-07T00:58:35.148Z,"41 km NNE of Tobelo, Indonesia",earthquake,,,,7,reviewed,us,us
1995-04-14T20:11:50.130Z,1.38,127.682,161.8,4,mb,,,,0.4,us,usp0006vp3,2014-11-07T00:57:42.057Z,"53 km SW of Tobelo, Indonesia",earthquake,,10.3,,7,reviewed,us,us
1995-04-05T13:44:35.810Z,1.72,127.576,120,4.9,mb,,,,1,us,usp0006v7c,2014-11-07T00:57:39.779Z,"48 km W of Tobelo, Indonesia",earthquake,,,,7,reviewed,us,us
1994-09-09T18:45:04.690Z,1.895,128.347,120,5.4,mb,,,,1.1,us,usp0006j5t,2014-11-07T00:56:14.824Z,"41 km ENE of Tobelo, Indonesia",earthquake,,,,16,reviewed,us,us
1994-04-20T16:48:30.270Z,1.89,128.204,103.8,5,mb,,,,1.1,us,usp0006bcz,2014-11-07T00:55:19.619Z,"28 km NE of Tobelo, Indonesia",earthquake,,19.6,,15,reviewed,us,us
1994-04-16T15:16:35.040Z,1.877,127.382,99.5,5.6,mw,,,,1,us,usp0006b6s,2020-09-15T17:04:48.223Z,"71 km WNW of Tobelo, Indonesia",earthquake,,6.5,,,reviewed,us,hrv
1994-02-05T02:03:29.380Z,1.2,127.868,37.9,4.7,mb,,,,1,us,usp0006827,2014-11-07T00:54:56.760Z,"Halmahera, Indonesia",earthquake,,22.2,,10,reviewed,us,us
1994-01-26T01:11:36.580Z,1.213,127.695,15.4,4.6,mb,,,,1.3,us,usp00067ex,2014-11-07T00:54:50.636Z,"54 km NNE of Sofifi, Indonesia",earthquake,,,,10,reviewed,us,us
1994-01-25T02:07:25.020Z,1.43,127.825,33,4.8,mb,,,,0.9,us,usp00067cu,2014-11-07T00:54:50.335Z,"38 km SSW of Tobelo, Indonesia",earthquake,,,,12,reviewed,us,us
1994-01-25T01:31:10.410Z,1.379,127.634,33,4.5,mb,,,,1.2,us,usp00067cs,2014-11-07T00:54:50.331Z,"56 km SW of Tobelo, Indonesia",earthquake,,,,6,reviewed,us,us
1994-01-24T16:17:36.110Z,1.206,128.055,74.6,4.8,mb,,,,1.2,us,usp00067by,2014-11-07T00:54:50.233Z,"57 km S of Tobelo, Indonesia",earthquake,,25.2,,9,reviewed,us,us
1993-08-19T04:31:03.950Z,1.928,127.603,79.7,5.4,mb,,,,1.3,us,usp0005ytn,2014-11-07T00:53:45.988Z,"50 km WNW of Tobelo, Indonesia",earthquake,,,,46,reviewed,us,us
1993-01-08T11:10:26.510Z,1.289,128.037,152.9,4.8,mb,,,,0.5,us,usp0005kfg,2014-11-07T00:52:12.496Z,"48 km S of Tobelo, Indonesia",earthquake,,13.7,,11,reviewed,us,us
1992-11-07T14:37:18.870Z,1.725,127.494,127.7,5.3,mb,,,,0.7,us,usp0005gg5,2014-11-07T00:51:49.859Z,"57 km W of Tobelo, Indonesia",earthquake,,8.2,,8,reviewed,us,us
1992-09-18T08:09:04.130Z,1.755,128.25,107.2,4.7,mb,,,,0.7,us,usp0005e5c,2014-11-07T00:51:29.421Z,"26 km E of Tobelo, Indonesia",earthquake,,12.4,,7,reviewed,us,us
1992-08-23T01:39:18.260Z,1.566,127.927,33,4.6,mb,,,,0.9,us,usp0005cx2,2014-11-07T00:51:17.988Z,"20 km SSW of Tobelo, Indonesia",earthquake,,,,3,reviewed,us,us
1992-07-29T00:53:25.360Z,1.893,128.328,111,5,mb,,,,1.3,us,usp0005bnk,2014-11-07T00:51:08.241Z,"39 km ENE of Tobelo, Indonesia",earthquake,,13.7,,3,reviewed,us,us
1992-07-27T11:43:38.430Z,1.69,127.365,145.6,5,mb,,,,0.6,us,usp0005bk5,2014-11-07T00:51:07.909Z,"71 km W of Tobelo, Indonesia",earthquake,,18.2,,3,reviewed,us,us
1992-07-04T05:30:42.590Z,1.745,127.999,81.8,4.7,mb,,,,0.5,us,usp0005a8f,2014-11-07T00:51:00.352Z,"2 km NNW of Tobelo, Indonesia",earthquake,,14,,5,reviewed,us,us
1992-05-29T22:52:34.590Z,1.819,127.494,122.7,5.5,mw,,,,0.9,us,usp00058cp,2020-08-29T01:35:18.859Z,"58 km W of Tobelo, Indonesia",earthquake,,2.7,,,reviewed,us,hrv
1992-05-09T22:54:52.210Z,1.964,127.92,33,4.7,mb,,,,0.9,us,usp000574b,2014-11-07T00:50:36.591Z,"27 km NNW of Tobelo, Indonesia",earthquake,,,,8,reviewed,us,us
1992-04-18T13:37:56.300Z,1.678,127.373,131.3,5.3,mb,,,,1.1,us,usp00055z8,2014-11-07T00:50:28.073Z,"71 km W of Tobelo, Indonesia",earthquake,,,,57,reviewed,us,us
1992-04-17T21:50:40.360Z,1.653,127.333,133.6,4.8,mb,,,,0.9,us,usp00055y8,2014-11-07T00:50:27.924Z,"75 km W of Tobelo, Indonesia",earthquake,,13.3,,27,reviewed,us,us
1992-04-02T13:54:27.920Z,1.686,127.629,117.2,5.2,mb,,,,1.1,us,usp0005587,2014-11-07T00:50:23.654Z,"42 km W of Tobelo, Indonesia",earthquake,,,,36,reviewed,us,us
1991-11-24T22:37:18.620Z,1.467,128.265,33,4.8,mb,,,,0.7,us,usp0004zkw,2014-11-07T00:49:36.182Z,"40 km SE of Tobelo, Indonesia",earthquake,,,,5,reviewed,us,us
1991-10-26T16:42:31.350Z,1.624,127.364,33,4.6,mb,,,,0.9,us,usp0004ye3,2014-11-07T00:49:27.745Z,"72 km W of Tobelo, Indonesia",earthquake,,,,2,reviewed,us,us
1991-09-17T09:54:27.890Z,2.072,127.516,33,4.5,mb,,,,1.4,us,usp0004wqt,2014-11-07T00:49:15.564Z,"66 km NW of Tobelo, Indonesia",earthquake,,,,5,reviewed,us,us
1991-08-05T10:42:32.200Z,1.546,127.453,141.8,5.4,mb,,,,1,us,usp0004v0v,2014-11-07T00:49:03.194Z,"65 km WSW of Tobelo, Indonesia",earthquake,,6.4,,39,reviewed,us,us
1991-02-16T03:34:32.620Z,1.863,128.152,133.9,5.4,mw,,,,0.9,us,usp0004n04,2016-11-09T21:53:42.875Z,"21 km NE of Tobelo, Indonesia",earthquake,,,,,reviewed,us,hrv
1991-02-15T07:25:17.830Z,2.102,128.17,33,5.1,mb,,,,0.9,us,usp0004myn,2014-11-07T00:48:00.116Z,"45 km NNE of Tobelo, Indonesia",earthquake,,,,12,reviewed,us,us
1990-07-21T07:28:33.240Z,1.877,128.313,210.1,5.1,mb,,,,0.9,us,usp0004cav,2014-11-07T00:46:44.716Z,"37 km ENE of Tobelo, Indonesia",earthquake,,12.2,,7,reviewed,us,us
1990-06-04T11:49:38.160Z,2.153,127.668,102.9,4.3,mb,,,,1.1,us,usp0004a4j,2014-11-07T00:46:29.180Z,"60 km NW of Tobelo, Indonesia",earthquake,,28.5,,1,reviewed,us,us
1990-04-19T15:18:10.940Z,1.254,127.944,33,4.3,mb,,,,0.8,us,usp000485x,2014-11-07T00:46:10.475Z,"52 km S of Tobelo, Indonesia",earthquake,,,,5,reviewed,us,us
1990-04-14T18:03:41.650Z,1.778,127.364,128,4.8,mb,,,,0.6,us,usp00047xu,2014-11-07T00:46:09.586Z,"72 km W of Tobelo, Indonesia",earthquake,,36,,2,reviewed,us,us
1990-04-14T10:29:45.630Z,2.091,127.803,33,5.2,mb,,,,1,us,usp00047xa,2014-11-07T00:46:09.560Z,"46 km NNW of Tobelo, Indonesia",earthquake,,,,2,reviewed,us,us
1990-03-07T07:20:48.230Z,1.835,127.507,33,4.9,mb,,,,0.9,us,usp000469n,2014-11-07T00:45:54.189Z,"57 km WNW of Tobelo, Indonesia",earthquake,,,,5,reviewed,us,us
1989-08-06T06:36:29.160Z,1.883,128.251,113.8,5.8,mw,,,,1.1,us,usp0003y4r,2020-08-28T22:55:16.657Z,"31 km ENE of Tobelo, Indonesia",earthquake,,,,,reviewed,us,hrv
1989-03-01T00:08:45.790Z,2.172,127.902,33,4.9,mb,,,,0.7,us,usp0003sf2,2014-11-07T00:43:40.007Z,"50 km NNW of Tobelo, Indonesia",earthquake,,,,1,reviewed,us,us
1989-02-28T05:10:34.740Z,2.062,127.926,64.1,5,mb,,,,0.8,us,usp0003sdv,2014-11-07T00:43:38.782Z,"38 km NNW of Tobelo, Indonesia",earthquake,,19.1,,7,reviewed,us,us
1989-02-28T04:49:11.900Z,2.101,127.846,102.7,4.8,mb,,,,0.9,us,usp0003sdu,2014-11-07T00:43:38.780Z,"45 km NNW of Tobelo, Indonesia",earthquake,,18.8,,8,reviewed,us,us
1989-02-26T12:56:06.900Z,2.225,127.931,69,5.3,mb,,,,1.1,us,usp0003scg,2014-11-07T00:43:38.627Z,"55 km N of Tobelo, Indonesia",earthquake,,18.8,,9,reviewed,us,us
1989-02-25T04:42:18.210Z,1.933,127.99,32.2,5.1,mb,,,,1.2,us,usp0003sak,2014-11-07T00:43:38.417Z,"22 km N of Tobelo, Indonesia",earthquake,,24.4,,8,reviewed,us,us
1988-07-24T23:41:12.950Z,1.451,127.431,156.3,5.2,mb,,,,1.1,us,usp0003j6g,2014-11-07T00:42:32.182Z,"71 km WSW of Tobelo, Indonesia",earthquake,,7,,9,reviewed,us,us
1988-03-03T03:05:21.780Z,2.065,127.785,33,4.4,mb,,,,0.7,us,usp0003dhz,2014-11-07T00:41:44.812Z,"44 km NW of Tobelo, Indonesia",earthquake,,,,2,reviewed,us,us
1987-12-16T07:01:24.710Z,1.432,128.136,33,4.6,mb,,,,1,us,usp0003baz,2014-11-07T00:41:24.025Z,"35 km SSE of Tobelo, Indonesia",earthquake,,,,2,reviewed,us,us
1987-08-23T05:29:05.590Z,1.595,128.04,127.7,4.4,mb,,,,1.4,us,usp00037rc,2014-11-07T00:40:49.575Z,"15 km SSE of Tobelo, Indonesia",earthquake,,47.9,,1,reviewed,us,us
1987-07-18T10:51:29.720Z,1.722,127.371,33,4.7,mb,,,,0.8,us,usp00036rc,2014-11-07T00:40:41.366Z,"71 km W of Tobelo, Indonesia",earthquake,,,,3,reviewed,us,us
1987-06-24T19:14:10.110Z,1.746,127.393,124.5,5.1,mb,,,,1,us,usp0003620,2014-11-07T00:40:33.852Z,"68 km W of Tobelo, Indonesia",earthquake,,6.6,,14,reviewed,us,us
1987-03-14T14:43:40.360Z,2.174,128.112,154.3,4.5,mb,,,,0.5,us,usp00033aa,2014-11-07T00:40:04.069Z,"50 km NNE of Tobelo, Indonesia",earthquake,,25.8,,1,reviewed,us,us
1986-10-25T17:03:45.060Z,1.832,127.464,112.6,5,mb,,,,1.1,us,usp0002zbf,2014-11-07T00:39:11.615Z,"61 km W of Tobelo, Indonesia",earthquake,,11.6,,12,reviewed,us,us
1986-10-21T21:57:59.410Z,1.541,127.424,142.1,5,mb,,,,0.9,us,usp0002z76,2014-11-07T00:39:10.977Z,"68 km WSW of Tobelo, Indonesia",earthquake,,11.4,,5,reviewed,us,us
1986-10-20T04:28:17.430Z,2.073,128.195,129.5,5.2,mb,,,,1.1,us,usp0002z38,2014-11-07T00:39:09.898Z,"43 km NNE of Tobelo, Indonesia",earthquake,,19.6,,12,reviewed,us,us
1986-10-16T23:03:07.520Z,1.355,127.587,207.4,4.7,mb,,,,0.9,us,usp0002z0g,2014-11-07T00:39:09.527Z,"62 km SW of Tobelo, Indonesia",earthquake,,7.8,,5,reviewed,us,us
1986-09-06T04:04:35.710Z,1.517,127.375,139.2,4.8,mb,,,,0.9,us,usp0002xvh,2014-11-07T00:38:58.779Z,"74 km WSW of Tobelo, Indonesia",earthquake,,13.2,,10,reviewed,us,us
1986-08-21T17:55:29.460Z,1.603,127.562,44.1,5.2,mb,,,,0.9,us,usp0002xd9,2014-11-07T00:38:53.048Z,"51 km WSW of Tobelo, Indonesia",earthquake,,12.5,,6,reviewed,us,us
1986-08-10T04:40:49.770Z,1.985,128.271,104.2,6.2,mw,,,,1.1,us,usp0002x0r,2020-08-28T20:34:58.390Z,"40 km NE of Tobelo, Indonesia",earthquake,,,,,reviewed,us,hrv
1986-07-12T09:06:56.170Z,1.858,127.414,109,5.1,mb,,,,1.1,us,usp0002vym,2014-11-07T00:38:41.153Z,"67 km WNW of Tobelo, Indonesia",earthquake,,10.5,,10,reviewed,us,us
1986-02-24T02:31:26.760Z,1.729,127.354,117.5,5.3,mw,,,,1.1,us,usp0002r8u,2016-11-09T21:57:13.365Z,"72 km W of Tobelo, Indonesia",earthquake,,7.2,,,reviewed,us,hrv
1985-10-28T14:32:47.340Z,1.761,127.414,169.3,5.1,mb,,,,1.2,us,usp0002m7m,2014-11-07T00:37:21.751Z,"66 km W of Tobelo, Indonesia",earthquake,,10.7,,10,reviewed,us,us
1985-09-03T23:32:47.500Z,1.409,128.153,113.9,5.7,mw,,,,1,us,usp0002jde,2020-08-27T00:27:27.740Z,"38 km SSE of Tobelo, Indonesia",earthquake,,,,,reviewed,us,hrv
1985-08-24T19:14:07.940Z,2.156,127.791,33,4.7,mb,,,,0.9,us,usp0002j3u,2014-11-07T00:37:03.263Z,"53 km NNW of Tobelo, Indonesia",earthquake,,,,2,reviewed,us,us
1985-04-25T15:15:05.190Z,1.517,127.476,172.2,5.1,mb,,,,1.1,us,usp0002e5e,2014-11-07T00:36:28.332Z,"63 km WSW of Tobelo, Indonesia",earthquake,,12.3,,8,reviewed,us,us
1985-04-05T13:00:23.830Z,1.799,127.511,144.5,5.5,mw,,,,1,us,usp0002dgk,2020-08-27T00:09:58.270Z,"56 km W of Tobelo, Indonesia",earthquake,,,,,reviewed,us,hrv
1985-02-13T20:58:26.820Z,1.326,128.105,33,4.5,mb,,,,0.7,us,usp0002bvr,2014-11-07T00:36:10.504Z,"45 km SSE of Tobelo, Indonesia",earthquake,,,,1,reviewed,us,us
1985-01-14T11:39:09.910Z,1.824,128.071,128.6,4.6,mb,,,,0.9,us,usp0002b15,2014-11-07T00:36:01.847Z,"12 km NNE of Tobelo, Indonesia",earthquake,,23.3,,5,reviewed,us,us
1984-09-29T17:00:58.100Z,1.333,127.646,33,4.4,mb,,,,0.3,us,usp00027tb,2014-11-07T00:35:29.331Z,"59 km SW of Tobelo, Indonesia",earthquake,,,,1,reviewed,us,us
1984-08-21T20:58:21.990Z,1.214,128.054,70.3,5.1,mb,,,,1,us,usp00026kj,2014-11-07T00:35:19.690Z,"57 km S of Tobelo, Indonesia",earthquake,,7.4,,8,reviewed,us,us
1984-02-16T12:44:14.700Z,1.661,127.669,157.5,4.7,mb,,,,0.9,us,usp0002216,2014-11-07T00:34:30.709Z,"38 km W of Tobelo, Indonesia",earthquake,,7.5,,6,reviewed,us,us
1984-01-04T02:42:06.150Z,1.392,128.145,44.1,5.7,mw,,,,1.4,us,usp000210p,2020-08-26T23:10:57.874Z,"40 km SSE of Tobelo, Indonesia",earthquake,,4.3,,,reviewed,us,hrv
1983-11-14T18:55:59.490Z,1.298,128.12,57.3,4.9,mb,,,,1.1,us,usp0001ztv,2014-11-07T00:34:08.140Z,"49 km SSE of Tobelo, Indonesia",earthquake,,10.7,,10,reviewed,us,us
1983-11-09T02:36:41.550Z,1.418,128.295,40.7,5,mb,,,,1,us,usp0001znx,2014-11-07T00:34:07.424Z,"46 km SE of Tobelo, Indonesia",earthquake,,11.6,,6,reviewed,us,us
1983-11-08T21:53:37.020Z,1.412,128.249,53.7,5.4,mb,,,,1.1,us,usp0001znr,2016-11-09T23:55:02.456Z,"43 km SE of Tobelo, Indonesia",earthquake,,4.9,,17,reviewed,us,us
1983-11-08T04:40:09.150Z,1.403,128.258,37.7,5,mb,,,,1.1,us,usp0001zn8,2014-11-07T00:34:06.989Z,"45 km SE of Tobelo, Indonesia",earthquake,,8.4,,10,reviewed,us,us
1983-11-08T01:19:16.620Z,1.465,128.174,33,4.6,mb,,,,1.1,us,usp0001zn1,2014-11-07T00:34:06.949Z,"34 km SSE of Tobelo, Indonesia",earthquake,,,,1,reviewed,us,us
1983-11-07T22:09:57.670Z,1.545,128.359,50.3,5,mb,,,,1.2,us,usp0001zmy,2014-11-07T00:34:06.678Z,"43 km ESE of Tobelo, Indonesia",earthquake,,10.4,,7,reviewed,us,us
1983-11-07T21:44:14.240Z,1.215,128.028,44,5,mb,,,,0.9,us,usp0001zmx,2014-11-07T00:34:06.668Z,"56 km S of Tobelo, Indonesia",earthquake,,6.2,,7,reviewed,us,us
1983-11-07T20:12:38.170Z,1.43,128.267,36.7,5.6,ms,,,,1.2,us,usp0001zmv,2020-08-26T23:03:17.250Z,"43 km SE of Tobelo, Indonesia",earthquake,,,,1,reviewed,us,us
1983-11-07T19:05:46.160Z,1.424,128.111,42.4,5.3,mb,,,,1.1,us,usp0001zmu,2014-11-07T00:34:06.505Z,"35 km SSE of Tobelo, Indonesia",earthquake,,5.2,,13,reviewed,us,us
1983-11-07T18:17:00.140Z,1.493,128.204,58.5,5.2,mb,,,,1.1,us,usp0001zmt,2014-11-07T00:34:06.469Z,"33 km SE of Tobelo, Indonesia",earthquake,,3.7,,12,reviewed,us,us
1983-11-07T16:46:14.250Z,1.404,128.137,56.8,5.5,mb,,,,1.1,us,usp0001zmr,2020-08-26T23:03:06.123Z,"38 km SSE of Tobelo, Indonesia",earthquake,,5,,15,reviewed,us,us
1983-11-07T16:26:31.750Z,1.413,128.154,39,6.4,ms,,,,1.3,us,usp0001zmq,2020-08-26T23:02:52.061Z,"38 km SSE of Tobelo, Indonesia",earthquake,,,,21,reviewed,us,us
1983-11-07T14:51:53.480Z,1.267,128.184,66.6,5.1,mb,,,,1.2,us,usp0001zmp,2014-11-07T00:34:06.330Z,"54 km SSE of Tobelo, Indonesia",earthquake,,6.4,,9,reviewed,us,us
1983-11-07T11:17:29.100Z,1.411,128.163,49.8,5.2,mb,,,,1.2,us,usp0001zmg,2014-11-07T00:34:06.204Z,"39 km SSE of Tobelo, Indonesia",earthquake,,10.2,,11,reviewed,us,us
1983-11-07T09:35:40.740Z,1.314,128.023,64.1,5.1,mb,,,,1.2,us,usp0001zmd,2014-11-07T00:34:06.192Z,"45 km S of Tobelo, Indonesia",earthquake,,16.9,,8,reviewed,us,us
1983-11-07T08:39:20.470Z,1.411,128.164,31.3,6.1,mw,,,,1.3,us,usp0001zmb,2020-08-26T23:02:16.787Z,"39 km SSE of Tobelo, Indonesia",earthquake,,,,,reviewed,us,nc
1983-09-19T20:28:21.770Z,1.43,127.759,208.9,5,mb,,,,1.1,us,usp0001yg9,2014-11-07T00:33:49.697Z,"43 km SW of Tobelo, Indonesia",earthquake,,7.3,,10,reviewed,us,us
1983-03-29T21:18:20.410Z,1.868,127.377,112.1,4.8,mb,,,,1.1,us,usp0001u21,2014-11-07T00:32:51.847Z,"72 km WNW of Tobelo, Indonesia",earthquake,,8.6,,2,reviewed,us,us
1983-02-06T12:51:03.160Z,2.015,128.277,97.6,4.9,mb,,,,1,us,usp0001svg,2014-11-07T00:32:38.483Z,"43 km NE of Tobelo, Indonesia",earthquake,,16.9,,7,reviewed,us,us
1983-01-12T00:50:49.100Z,1.548,127.879,33,4.6,mb,,,,0.9,us,usp0001s52,2014-11-07T00:32:28.352Z,"24 km SW of Tobelo, Indonesia",earthquake,,,,3,reviewed,us,us
1982-07-05T11:55:45.500Z,1.672,127.428,133.4,5.1,mb,,,,1,us,usp0001n9p,2014-11-07T00:31:34.963Z,"65 km W of Tobelo, Indonesia",earthquake,,5.4,,16,reviewed,us,us
1982-02-23T02:04:33.740Z,1.396,128.306,93.5,4.8,mb,,,,0.4,us,usp0001jsm,2014-11-07T00:30:52.599Z,"49 km SE of Tobelo, Indonesia",earthquake,,6,,3,reviewed,us,us
1982-02-22T12:37:48.620Z,1.842,128.179,147.2,5.5,mb,,,,1,us,usp0001jsa,2020-08-26T21:56:52.712Z,"22 km ENE of Tobelo, Indonesia",earthquake,,3.1,,34,reviewed,us,us
1982-01-08T10:18:28.710Z,1.367,127.972,33,4.7,mb,,,,0.9,us,usp0001hxw,2014-11-07T00:30:39.162Z,"40 km S of Tobelo, Indonesia",earthquake,,,,1,reviewed,us,us
1981-12-05T14:43:01.980Z,1.464,128.257,106.9,4.9,mb,,,,1.2,us,usp0001h92,2014-11-07T00:30:29.709Z,"40 km SE of Tobelo, Indonesia",earthquake,,7.8,,5,reviewed,us,us
1981-10-03T15:59:10.130Z,1.822,127.364,33,4.6,mb,,,,1.1,us,usp0001g93,2014-11-07T00:30:11.116Z,"72 km W of Tobelo, Indonesia",earthquake,,,,1,reviewed,us,us
1981-08-09T18:40:21.420Z,1.836,128.108,146.3,4.4,mb,,,,1,us,usp0001f6r,2014-11-07T00:29:54.943Z,"16 km NE of Tobelo, Indonesia",earthquake,,7.7,,2,reviewed,us,us
1981-05-09T23:36:38.570Z,1.616,127.393,130.6,5.4,mb,,,,1,us,usp0001dkv,2014-11-07T00:29:28.454Z,"69 km W of Tobelo, Indonesia",earthquake,,3.6,,18,reviewed,us,us
1980-07-08T20:46:52.800Z,1.463,127.452,169,4.7,mb,,,,,us,usp00018qz,2014-11-06T23:24:24.131Z,"68 km WSW of Tobelo, Indonesia",earthquake,,,,,reviewed,us,us
1980-06-08T07:00:44.000Z,1.46,128.351,100,4.6,mb,,,,,us,usp0001817,2014-11-06T23:24:23.018Z,"48 km SE of Tobelo, Indonesia",earthquake,,,,,reviewed,us,us
1980-03-09T17:37:42.900Z,1.206,128.082,123,4.9,mb,,,,,us,usp00015xb,2014-11-06T23:24:18.884Z,"58 km S of Tobelo, Indonesia",earthquake,,,,,reviewed,us,us
1979-10-28T21:43:50.600Z,1.786,127.432,135,5.3,mb,,,,,us,usp00013rm,2014-11-06T23:22:06.972Z,"64 km W of Tobelo, Indonesia",earthquake,,,,,reviewed,us,us
1979-10-05T04:42:04.600Z,1.839,127.586,129,5.4,mb,,,,,us,usp000138k,2016-11-09T23:38:59.158Z,"48 km WNW of Tobelo, Indonesia",earthquake,,,,,reviewed,us,us
1979-06-07T07:34:25.100Z,1.683,127.424,147,4.4,mb,,,,,us,usp000114z,2014-11-06T23:22:02.342Z,"65 km W of Tobelo, Indonesia",earthquake,,,,,reviewed,us,us
1979-04-28T11:39:36.700Z,1.863,128.274,128,5.5,mb,,,,,us,usp00010ba,2020-08-26T20:23:36.503Z,"32 km ENE of Tobelo, Indonesia",earthquake,,,,,reviewed,us,us
1979-01-05T21:22:40.000Z,1.608,127.343,139,5,mb,,,,,us,usp0000ya5,2014-11-06T23:21:55.660Z,"75 km W of Tobelo, Indonesia",earthquake,,,,,reviewed,us,us
1978-02-07T20:56:08.900Z,1.748,127.526,151,4.7,mb,,,,,us,usp0000sv8,2014-11-06T23:21:46.901Z,"53 km W of Tobelo, Indonesia",earthquake,,,,,reviewed,us,us
1978-02-05T23:10:32.900Z,1.879,127.478,157,5.2,mb,,,,,us,usp0000suh,2014-11-06T23:21:46.877Z,"61 km WNW of Tobelo, Indonesia",earthquake,,,,,reviewed,us,us
1976-08-21T05:12:39.500Z,1.8,127.535,108,4.8,mb,,,,,us,usp0000hzd,2014-11-06T23:21:36.840Z,"53 km W of Tobelo, Indonesia",earthquake,,,,,reviewed,us,us
1976-07-15T04:21:19.700Z,2.043,127.835,94,4.6,mb,,,,,us,usp0000hbz,2014-11-06T23:21:36.219Z,"39 km NNW of Tobelo, Indonesia",earthquake,,,,,reviewed,us,us
1975-08-06T04:08:45.600Z,1.964,127.434,92,4.9,mb,,,,,us,usp0000cbm,2014-11-06T23:21:31.592Z,"69 km WNW of Tobelo, Indonesia",earthquake,,,,,reviewed,us,us
1974-08-09T06:36:21.300Z,1.41,128.076,102,5.4,mb,,,,,us,usp00007he,2015-05-13T18:53:09.000Z,"35 km SSE of Tobelo, Indonesia",earthquake,,,,,reviewed,us,us
